evaluation_group,evaluation_design,seed,metric,higher_is_better,contrast,logistic_value,lightgbm_value,point_difference,ci_lower,ci_upper,iterations,valid_iterations,bootstrap_design
random_seed_1103_2025_diagnostic,random_2025_diagnostic,1103,accuracy,True,lightgbm_minus_logistic,0.47694934547524187,0.51982546006450392,0.042876114589262049,0.033769683172073628,0.052551697970024625,2000,2000,paired_stratified
random_seed_1103_2025_diagnostic,random_2025_diagnostic,1103,fatal_recall,True,lightgbm_minus_logistic,0.59073359073359077,0.42857142857142855,-0.16216216216216223,-0.21235521235521237,-0.11196911196911197,2000,2000,paired_stratified
random_seed_1103_2025_diagnostic,random_2025_diagnostic,1103,macro_f1,True,lightgbm_minus_logistic,0.32654761580063402,0.33682196305520923,0.010274347254575211,0.0015774638307907306,0.01919293404803131,2000,2000,paired_stratified
random_seed_1103_2025_diagnostic,random_2025_diagnostic,1103,mean_asymmetric_cost,False,lightgbm_minus_logistic,0.83779169038133183,0.77357237715803451,-0.064219313223297325,-0.079683646366913233,-0.049134414722064097,2000,2000,paired_stratified
random_seed_1103_2025_diagnostic,random_2025_diagnostic,1103,minor_recall,True,lightgbm_minus_logistic,0.53077110192167354,0.59012405740695695,0.05935295548528341,0.049136463147652631,0.070177572366820762,2000,2000,paired_stratified
random_seed_1103_2025_diagnostic,random_2025_diagnostic,1103,ordinal_mae,False,lightgbm_minus_logistic,0.73781066211345092,0.64741035856573703,-0.090400303547713889,-0.1031113640675394,-0.077966704610130957,2000,2000,paired_stratified
random_seed_1103_2025_diagnostic,random_2025_diagnostic,1103,qwk,True,lightgbm_minus_logistic,0.099661574246413531,0.096807787102043186,-0.0028537871443703455,-0.014118918353961391,0.008966980922462342,2000,2000,paired_stratified
random_seed_1103_2025_diagnostic,random_2025_diagnostic,1103,serious_or_fatal_recall,True,lightgbm_minus_logistic,0.63706896551724135,0.55431034482758623,-0.082758620689655116,-0.10215517241379313,-0.062489224137931093,2000,2000,paired_stratified
random_seed_1103_2025_diagnostic,random_2025_diagnostic,1103,serious_recall,True,lightgbm_minus_logistic,0.24793789422610382,0.25084910237748664,0.0029112081513828214,-0.019420184376516283,0.025715672003881612,2000,2000,paired_stratified
random_seed_1103_internal_test,random_internal_test,1103,accuracy,True,lightgbm_minus_logistic,0.47779824022917944,0.53611622672396153,0.058317986494782093,0.045012277470840988,0.072851442602823849,2000,2000,paired_stratified
random_seed_1103_internal_test,random_internal_test,1103,fatal_recall,True,lightgbm_minus_logistic,0.5714285714285714,0.45864661654135336,-0.11278195488721804,-0.18796992481203006,-0.037593984962406068,2000,2000,paired_stratified
random_seed_1103_internal_test,random_internal_test,1103,macro_f1,True,lightgbm_minus_logistic,0.32546644038290934,0.34435399215273432,0.018887551769824984,0.00579282680334481,0.032212996976088509,2000,2000,paired_stratified
random_seed_1103_internal_test,random_internal_test,1103,mean_asymmetric_cost,False,lightgbm_minus_logistic,0.84325762226314716,0.76406793533865358,-0.079189686924493574,-0.10149887456517291,-0.05606200122774712,2000,2000,paired_stratified
random_seed_1103_internal_test,random_internal_test,1103,minor_recall,True,lightgbm_minus_logistic,0.53410283315844698,0.61385099685204614,0.079748163693599161,0.064270724029380832,0.096274921301154226,2000,2000,paired_stratified
random_seed_1103_internal_test,random_internal_test,1103,ordinal_mae,False,lightgbm_minus_logistic,0.73623900143237164,0.62696951094741149,-0.10926949048496015,-0.12830468590137098,-0.089830161653366103,2000,2000,paired_stratified
random_seed_1103_internal_test,random_internal_test,1103,qwk,True,lightgbm_minus_logistic,0.096366361350376462,0.093652506605004682,-0.0027138547453717798,-0.020235303934170369,0.015011675044664212,2000,2000,paired_stratified
random_seed_1103_internal_test,random_internal_test,1103,serious_or_fatal_recall,True,lightgbm_minus_logistic,0.61953488372093024,0.5106976744186047,-0.10883720930232554,-0.13860465116279069,-0.07999999999999996,2000,2000,paired_stratified
random_seed_1103_internal_test,random_internal_test,1103,serious_recall,True,lightgbm_minus_logistic,0.23673036093418259,0.23248407643312102,-0.0042462845010615702,-0.039278131634819524,0.028662420382165599,2000,2000,paired_stratified
random_seed_2207_2025_diagnostic,random_2025_diagnostic,2207,accuracy,True,lightgbm_minus_logistic,0.47486245494213619,0.47457787896034909,-0.00028457598178710519,-0.010434452665528393,0.01052931132612406,2000,2000,paired_stratified
random_seed_2207_2025_diagnostic,random_2025_diagnostic,2207,fatal_recall,True,lightgbm_minus_logistic,0.58301158301158296,0.38610038610038611,-0.19691119691119685,-0.25482625482625482,-0.138996138996139,2000,2000,paired_stratified
random_seed_2207_2025_diagnostic,random_2025_diagnostic,2207,macro_f1,True,lightgbm_minus_logistic,0.32783848742662824,0.32651410696966471,-0.0013243804569635365,-0.010464138287231917,0.0082335448970228854,2000,2000,paired_stratified
random_seed_2207_2025_diagnostic,random_2025_diagnostic,2207,mean_asymmetric_cost,False,lightgbm_minus_logistic,0.83380762663631192,0.80335799658508822,-0.030449630051223697,-0.047905995067349667,-0.013659647125782604,2000,2000,paired_stratified
random_seed_2207_2025_diagnostic,random_2025_diagnostic,2207,minor_recall,True,lightgbm_minus_logistic,0.52468985648260769,0.51009486742884946,-0.014594989053758223,-0.026149355387983464,-0.0026757479931889261,2000,2000,paired_stratified
random_seed_2207_2025_diagnostic,random_2025_diagnostic,2207,ordinal_mae,False,lightgbm_minus_logistic,0.73714665148928094,0.68782014797951052,-0.049326503509770414,-0.063745019920318668,-0.035000474293302948,2000,2000,paired_stratified
random_seed_2207_2025_diagnostic,random_2025_diagnostic,2207,qwk,True,lightgbm_minus_logistic,0.10377574560943981,0.076849782269116762,-0.026925963340323045,-0.039123518700725751,-0.014591482133902153,2000,2000,paired_stratified
random_seed_2207_2025_diagnostic,random_2025_diagnostic,2207,serious_or_fatal_recall,True,lightgbm_minus_logistic,0.6538793103448276,0.61206896551724133,-0.041810344827586277,-0.062941810344827681,-0.019827586206896616,2000,2000,paired_stratified
random_seed_2207_2025_diagnostic,random_2025_diagnostic,2207,serious_recall,True,lightgbm_minus_logistic,0.26249393498301793,0.34400776322173704,0.08151382823871911,0.056768558951965087,0.10625909752547308,2000,2000,paired_stratified
random_seed_2207_internal_test,random_internal_test,2207,accuracy,True,lightgbm_minus_logistic,0.47472887251892776,0.48393697564968285,0.0092081031307550965,-0.0059341109064866004,0.024350317167996738,2000,2000,paired_stratified
random_seed_2207_internal_test,random_internal_test,2207,fatal_recall,True,lightgbm_minus_logistic,0.63157894736842102,0.47368421052631576,-0.15789473684210525,-0.23308270676691734,-0.075187969924812081,2000,2000,paired_stratified
random_seed_2207_internal_test,random_internal_test,2207,macro_f1,True,lightgbm_minus_logistic,0.32966684123630347,0.33371354493827643,0.0040467037019729646,-0.0097496459008129966,0.017826080796004163,2000,2000,paired_stratified
random_seed_2207_internal_test,random_internal_test,2207,mean_asymmetric_cost,False,lightgbm_minus_logistic,0.84509924288929816,0.79230611827296915,-0.052793124616329012,-0.076529568242275414,-0.029051565377532222,2000,2000,paired_stratified
random_seed_2207_internal_test,random_internal_test,2207,minor_recall,True,lightgbm_minus_logistic,0.525183630640084,0.526495278069255,0.0013116474291710034,-0.015477439664218218,0.017576075550891912,2000,2000,paired_stratified
random_seed_2207_internal_test,random_internal_test,2207,ordinal_mae,False,lightgbm_minus_logistic,0.74626560261919372,0.67669326785348882,-0.069572334765704902,-0.089830161653366103,-0.049314507878043812,2000,2000,paired_stratified
random_seed_2207_internal_test,random_internal_test,2207,qwk,True,lightgbm_minus_logistic,0.10163089326613706,0.096238597661532976,-0.0053922956046040804,-0.022685268915599056,0.011539534433200938,2000,2000,paired_stratified
random_seed_2207_internal_test,random_internal_test,2207,serious_or_fatal_recall,True,lightgbm_minus_logistic,0.64186046511627903,0.60465116279069764,-0.037209302325581395,-0.066976744186046488,-0.0083720930232558111,2000,2000,paired_stratified
random_seed_2207_internal_test,random_internal_test,2207,serious_recall,True,lightgbm_minus_logistic,0.24840764331210191,0.31316348195329086,0.064755838641188945,0.027600849256900206,0.10084925690021229,2000,2000,paired_stratified
random_seed_3301_2025_diagnostic,random_2025_diagnostic,3301,accuracy,True,lightgbm_minus_logistic,0.478561942705369,0.49981028267880856,0.021248339973439556,0.012711060519825457,0.029977708214760028,2000,2000,paired_stratified
random_seed_3301_2025_diagnostic,random_2025_diagnostic,3301,fatal_recall,True,lightgbm_minus_logistic,0.56370656370656369,0.39768339768339767,-0.16602316602316602,-0.22393822393822388,-0.11196911196911191,2000,2000,paired_stratified
random_seed_3301_2025_diagnostic,random_2025_diagnostic,3301,macro_f1,True,lightgbm_minus_logistic,0.32768939746585452,0.33410856302899056,0.0064191655631360423,-0.0013711199131253501,0.014381782158580353,2000,2000,paired_stratified
random_seed_3301_2025_diagnostic,random_2025_diagnostic,3301,mean_asymmetric_cost,False,lightgbm_minus_logistic,0.8366533864541833,0.78495541642952005,-0.051697970024663253,-0.066685638398785829,-0.036520584329349348,2000,2000,paired_stratified
random_seed_3301_2025_diagnostic,random_2025_diagnostic,3301,minor_recall,True,lightgbm_minus_logistic,0.5319873510094868,0.55351495986378008,0.021527608854293279,0.0120408659693505,0.031257601556798797,2000,2000,paired_stratified
random_seed_3301_2025_diagnostic,random_2025_diagnostic,3301,ordinal_mae,False,lightgbm_minus_logistic,0.7360083475621324,0.66856383987858092,-0.06744450768355148,-0.079681274900398447,-0.054733447163726079,2000,2000,paired_stratified
random_seed_3301_2025_diagnostic,random_2025_diagnostic,3301,qwk,True,lightgbm_minus_logistic,0.098593991256192282,0.097099843162031796,-0.0014941480941604857,-0.012629284450049552,0.010216709569903162,2000,2000,paired_stratified
random_seed_3301_2025_diagnostic,random_2025_diagnostic,3301,serious_or_fatal_recall,True,lightgbm_minus_logistic,0.64008620689655171,0.6056034482758621,-0.034482758620689613,-0.053017241379310409,-0.015948275862068928,2000,2000,paired_stratified
random_seed_3301_2025_diagnostic,random_2025_diagnostic,3301,serious_recall,True,lightgbm_minus_logistic,0.25473071324599711,0.29839883551673946,0.043668122270742349,0.023289665211062571,0.064046579330422126,2000,2000,paired_stratified
random_seed_3301_internal_test,random_internal_test,3301,accuracy,True,lightgbm_minus_logistic,0.48496009821976671,0.50787804378964596,0.02291794556987925,0.0098219766728054325,0.035809289952936363,2000,2000,paired_stratified
random_seed_3301_internal_test,random_internal_test,3301,fatal_recall,True,lightgbm_minus_logistic,0.66165413533834583,0.43609022556390975,-0.22556390977443608,-0.30827067669172936,-0.14285714285714285,2000,2000,paired_stratified
random_seed_3301_internal_test,random_internal_test,3301,macro_f1,True,lightgbm_minus_logistic,0.32804693551481534,0.33431407510491717,0.0062671395901018334,-0.0058370951306231517,0.018818916206311976,2000,2000,paired_stratified
random_seed_3301_internal_test,random_internal_test,3301,mean_asymmetric_cost,False,lightgbm_minus_logistic,0.82525066502967059,0.78432576222631467,-0.040924902803355923,-0.062615101289134389,-0.018615715162676509,2000,2000,paired_stratified
random_seed_3301_internal_test,random_internal_test,3301,minor_recall,True,lightgbm_minus_logistic,0.54564533053515218,0.57187827911857292,0.026232948583420734,0.01101783840503678,0.041448058761804907,2000,2000,paired_stratified
random_seed_3301_internal_test,random_internal_test,3301,ordinal_mae,False,lightgbm_minus_logistic,0.7219152854511971,0.65623081645181092,-0.065684468999386181,-0.084714548802946599,-0.046245140167792131,2000,2000,paired_stratified
random_seed_3301_internal_test,random_internal_test,3301,qwk,True,lightgbm_minus_logistic,0.11220927663460545,0.094509566969091852,-0.017699709665513597,-0.03570754442256123,-1.6458467016624202e-05,2000,2000,paired_stratified
random_seed_3301_internal_test,random_internal_test,3301,serious_or_fatal_recall,True,lightgbm_minus_logistic,0.61395348837209307,0.55720930232558141,-0.056744186046511658,-0.081860465116279091,-0.030697674418604715,2000,2000,paired_stratified
random_seed_3301_internal_test,random_internal_test,3301,serious_recall,True,lightgbm_minus_logistic,0.21443736730360935,0.25902335456475584,0.044585987261146487,0.013800424628450103,0.076433121019108263,2000,2000,paired_stratified
random_seed_4409_2025_diagnostic,random_2025_diagnostic,4409,accuracy,True,lightgbm_minus_logistic,0.47903623600834755,0.51773856953139819,0.038702333523050636,0.029593530639347377,0.047998482261430497,2000,2000,paired_stratified
random_seed_4409_2025_diagnostic,random_2025_diagnostic,4409,fatal_recall,True,lightgbm_minus_logistic,0.55984555984555984,0.38223938223938225,-0.17760617760617758,-0.23552123552123549,-0.11969111969111967,2000,2000,paired_stratified
random_seed_4409_2025_diagnostic,random_2025_diagnostic,4409,macro_f1,True,lightgbm_minus_logistic,0.32972517964334985,0.33930364467106916,0.0095784650277193073,0.00088656428471405892,0.017740681139645824,2000,2000,paired_stratified
random_seed_4409_2025_diagnostic,random_2025_diagnostic,4409,mean_asymmetric_cost,False,lightgbm_minus_logistic,0.82878011762473913,0.76996774805539747,-0.05881236956934166,-0.074274331246442893,-0.043442895086321438,2000,2000,paired_stratified
random_seed_4409_2025_diagnostic,random_2025_diagnostic,4409,minor_recall,True,lightgbm_minus_logistic,0.52918997810751645,0.58075893943079537,0.051568961323278928,0.041474093894429576,0.06239357820481628,2000,2000,paired_stratified
random_seed_4409_2025_diagnostic,random_2025_diagnostic,4409,ordinal_mae,False,lightgbm_minus_logistic,0.72860937203566689,0.64598747865680139,-0.082621893378865496,-0.096094194649971557,-0.069721115537848544,2000,2000,paired_stratified
random_seed_4409_2025_diagnostic,random_2025_diagnostic,4409,qwk,True,lightgbm_minus_logistic,0.10012718104664764,0.09590296184826308,-0.0042242191983845601,-0.016260149892867275,0.0081034819171272379,2000,2000,paired_stratified
random_seed_4409_2025_diagnostic,random_2025_diagnostic,4409,serious_or_fatal_recall,True,lightgbm_minus_logistic,0.64310344827586208,0.57456896551724135,-0.068534482758620729,-0.087079741379310377,-0.049568965517241437,2000,2000,paired_stratified
random_seed_4409_2025_diagnostic,random_2025_diagnostic,4409,serious_recall,True,lightgbm_minus_logistic,0.26880155264434741,0.28335759340126154,0.014556040756914135,-0.0072780203784570396,0.035904900533721473,2000,2000,paired_stratified
random_seed_4409_internal_test,random_internal_test,4409,accuracy,True,lightgbm_minus_logistic,0.47902598731328011,0.51708614692040111,0.038060159607121002,0.02516881522406389,0.051161244117045264,2000,2000,paired_stratified
random_seed_4409_internal_test,random_internal_test,4409,fatal_recall,True,lightgbm_minus_logistic,0.59398496240601506,0.49624060150375937,-0.097744360902255689,-0.18045112781954886,-0.015037593984962405,2000,2000,paired_stratified
random_seed_4409_internal_test,random_internal_test,4409,macro_f1,True,lightgbm_minus_logistic,0.32771466509790642,0.34012339444923595,0.012408729351329528,-0.00029514699724659112,0.024821634708600274,2000,2000,paired_stratified
random_seed_4409_internal_test,random_internal_test,4409,mean_asymmetric_cost,False,lightgbm_minus_logistic,0.83568651524452631,0.77900552486187846,-0.056680990382647845,-0.078985062410476758,-0.034781051770002062,2000,2000,paired_stratified
random_seed_4409_internal_test,random_internal_test,4409,minor_recall,True,lightgbm_minus_logistic,0.53279118572927597,0.58447009443861486,0.051678908709338889,0.038037775445960098,0.06689401888772295,2000,2000,paired_stratified
random_seed_4409_internal_test,random_internal_test,4409,ordinal_mae,False,lightgbm_minus_logistic,0.72478002864743196,0.64599959075097202,-0.078780437896459943,-0.097810517700020472,-0.060364231634949861,2000,2000,paired_stratified
random_seed_4409_internal_test,random_internal_test,4409,qwk,True,lightgbm_minus_logistic,0.090735368874615641,0.086960932909799116,-0.0037744359648165249,-0.020983629340680203,0.01381182119471412,2000,2000,paired_stratified
random_seed_4409_internal_test,random_internal_test,4409,serious_or_fatal_recall,True,lightgbm_minus_logistic,0.59627906976744183,0.52000000000000002,-0.076279069767441809,-0.10325581395348837,-0.048372093023255847,2000,2000,paired_stratified
random_seed_4409_internal_test,random_internal_test,4409,serious_recall,True,lightgbm_minus_logistic,0.24522292993630573,0.24734607218683652,0.0021231422505307851,-0.029750530785562626,0.032908704883227169,2000,2000,paired_stratified
random_seed_5501_2025_diagnostic,random_2025_diagnostic,5501,accuracy,True,lightgbm_minus_logistic,0.47476759628154053,0.50749383418706129,0.032726237905520761,0.023145513185353794,0.041832669322709126,2000,2000,paired_stratified
random_seed_5501_2025_diagnostic,random_2025_diagnostic,5501,fatal_recall,True,lightgbm_minus_logistic,0.58301158301158296,0.41698841698841699,-0.16602316602316597,-0.22007722007722008,-0.11196911196911191,2000,2000,paired_stratified
random_seed_5501_2025_diagnostic,random_2025_diagnostic,5501,macro_f1,True,lightgbm_minus_logistic,0.32453449386236655,0.33330493230031544,0.0087704384379488909,0.00023637525826510086,0.017293062240780761,2000,2000,paired_stratified
random_seed_5501_2025_diagnostic,random_2025_diagnostic,5501,mean_asymmetric_cost,False,lightgbm_minus_logistic,0.84073230885979888,0.78267880857522287,-0.05805350028457601,-0.073707550749383469,-0.042306962625687783,2000,2000,paired_stratified
random_seed_5501_2025_diagnostic,random_2025_diagnostic,5501,minor_recall,True,lightgbm_minus_logistic,0.52870347847239119,0.57005594745803945,0.041352468985648261,0.030892726830454853,0.051936876672342494,2000,2000,paired_stratified
random_seed_5501_2025_diagnostic,random_2025_diagnostic,5501,ordinal_mae,False,lightgbm_minus_logistic,0.73942325934357811,0.65822424587364825,-0.081199013469929859,-0.094384367292733806,-0.068011288180610821,2000,2000,paired_stratified
random_seed_5501_2025_diagnostic,random_2025_diagnostic,5501,qwk,True,lightgbm_minus_logistic,0.097210217608944771,0.090737489934922588,-0.0064727276740221829,-0.018229863236272261,0.0051674652885608423,2000,2000,paired_stratified
random_seed_5501_2025_diagnostic,random_2025_diagnostic,5501,serious_or_fatal_recall,True,lightgbm_minus_logistic,0.63275862068965516,0.56465517241379315,-0.068103448275862011,-0.087500000000000022,-0.049137931034482829,2000,2000,paired_stratified
random_seed_5501_2025_diagnostic,random_2025_diagnostic,5501,serious_recall,True,lightgbm_minus_logistic,0.24599708879184862,0.26928675400291119,0.023289665211062571,0.00097040271712761639,0.044638524987869937,2000,2000,paired_stratified
random_seed_5501_internal_test,random_internal_test,5501,accuracy,True,lightgbm_minus_logistic,0.47800286474319625,0.50828729281767959,0.030284428074483338,0.016369961121342369,0.044608144055657828,2000,2000,paired_stratified
random_seed_5501_internal_test,random_internal_test,5501,fatal_recall,True,lightgbm_minus_logistic,0.61654135338345861,0.42105263157894735,-0.19548872180451127,-0.27819548872180455,-0.11278195488721804,2000,2000,paired_stratified
random_seed_5501_internal_test,random_internal_test,5501,macro_f1,True,lightgbm_minus_logistic,0.32372471291894406,0.33163954303522297,0.0079148301162789148,-0.0053557336976877909,0.020801734512326465,2000,2000,paired_stratified
random_seed_5501_internal_test,random_internal_test,5501,mean_asymmetric_cost,False,lightgbm_minus_logistic,0.84550849191733168,0.77900552486187846,-0.066502967055453222,-0.090050133005934174,-0.043789645999590787,2000,2000,paired_stratified
random_seed_5501_internal_test,random_internal_test,5501,minor_recall,True,lightgbm_minus_logistic,0.53751311647429167,0.57528856243441762,0.037775445960125942,0.021511017838405033,0.054039874081846739,2000,2000,paired_stratified
random_seed_5501_internal_test,random_internal_test,5501,ordinal_mae,False,lightgbm_minus_logistic,0.73889912011458969,0.65172907714344175,-0.087170042971147943,-0.10722324534479233,-0.067730714139553894,2000,2000,paired_stratified
random_seed_5501_internal_test,random_internal_test,5501,qwk,True,lightgbm_minus_logistic,0.098236916692046372,0.1036386533794994,0.0054017366874530293,-0.012059735266527215,0.023563905845086046,2000,2000,paired_stratified
random_seed_5501_internal_test,random_internal_test,5501,serious_or_fatal_recall,True,lightgbm_minus_logistic,0.61023255813953492,0.56465116279069771,-0.045581395348837206,-0.07348837209302328,-0.018604651162790753,2000,2000,paired_stratified
random_seed_5501_internal_test,random_internal_test,5501,serious_recall,True,lightgbm_minus_logistic,0.21762208067940553,0.2494692144373673,0.031847133757961776,-0.0010615711252653925,0.063694267515923553,2000,2000,paired_stratified
temporal_2025,temporal_test,year_based,accuracy,True,lightgbm_minus_logistic,0.47865680136596472,0.48947068867387594,0.010813887307911219,0.0024663251754885583,0.019446025422121038,2000,2000,paired_stratified
temporal_2025,temporal_test,year_based,fatal_recall,True,lightgbm_minus_logistic,0.61389961389961389,0.45173745173745172,-0.16216216216216217,-0.22393822393822388,-0.10424710424710421,2000,2000,paired_stratified
temporal_2025,temporal_test,year_based,macro_f1,True,lightgbm_minus_logistic,0.32805050765411542,0.32732870288717358,-0.00072180476694183593,-0.0086434490862411211,0.007378565293686282,2000,2000,paired_stratified
temporal_2025,temporal_test,year_based,mean_asymmetric_cost,False,lightgbm_minus_logistic,0.83551508252703477,0.81341301460823379,-0.022102067918800983,-0.037184594953519223,-0.0076835515082527258,2000,2000,paired_stratified
temporal_2025,temporal_test,year_based,minor_recall,True,lightgbm_minus_logistic,0.53296035027973732,0.54658234006324491,0.013621989783507593,0.0037703721722208705,0.022865482850887853,2000,2000,paired_stratified
temporal_2025,temporal_test,year_based,ordinal_mae,False,lightgbm_minus_logistic,0.73752608613166382,0.69768544868146465,-0.039840637450199168,-0.05255406943653957,-0.027319294251565207,2000,2000,paired_stratified
temporal_2025,temporal_test,year_based,qwk,True,lightgbm_minus_logistic,0.10331429835713046,0.088729904332625731,-0.014584394024504732,-0.025139715850488336,-0.0035387213870364423,2000,2000,paired_stratified
temporal_2025,temporal_test,year_based,serious_or_fatal_recall,True,lightgbm_minus_logistic,0.64094827586206893,0.59655172413793101,-0.044396551724137923,-0.0625,-0.027144396551724157,2000,2000,paired_stratified
temporal_2025,temporal_test,year_based,serious_recall,True,lightgbm_minus_logistic,0.245026686074721,0.26637554585152839,0.021348859776807394,0.00097040271712761498,0.041727316836487116,2000,2000,paired_stratified
