dataset,seed,cohort,scope,feature,mean_abs_shap,rank,mean_signed_shap,positive_fraction,negative_fraction
cas,1103,future,Fatal,feature_advisory_speed,0.052866936479780642,13,-0.0015004245570407356,0.91160220994475138,0.088397790055248615
cas,1103,future,Fatal,feature_light,0.20718432506145942,6,-0.011365322353279628,0.40311029261305503,0.59688970738694491
cas,1103,future,Fatal,feature_number_of_lanes,0.37082062830382018,2,0.0079396456294239821,0.81133619807652957,0.18866380192347043
cas,1103,future,Fatal,feature_road_character,0.089038124252463782,11,-0.0010274239190957654,0.94454675670145283,0.055453243298547165
cas,1103,future,Fatal,feature_road_lane,0.29688939896518729,4,-0.025606000353664712,0.84980560671168404,0.15019439328831594
cas,1103,future,Fatal,feature_road_surface,0.015657827661240336,15,0.003157678281076434,0.33803969715571924,0.66196030284428076
cas,1103,future,Fatal,feature_speed_limit,0.38725653360345752,1,-0.0077138358385792812,0.43441784325762228,0.56558215674237777
cas,1103,future,Fatal,feature_state_highway,0.15095914321524542,8,0.00593501999407158,0.34192756292203808,0.65807243707796192
cas,1103,future,Fatal,feature_street_light,0.17839518749911026,7,0.010403227429816387,0.52404338039697151,0.47595661960302843
cas,1103,future,Fatal,feature_temporary_speed_limit,0.12900633355200711,10,-0.0073073172653493447,0.96419071004706369,0.035809289952936363
cas,1103,future,Fatal,feature_terrain,0.076700421535210297,12,-0.0047189053820823447,0.44976468180888068,0.55023531819111926
cas,1103,future,Fatal,feature_traffic_control,0.30098680517695975,3,0.026747139141811441,0.67546552076938815,0.32453447923061185
cas,1103,future,Fatal,feature_urban,0.15001407039606704,9,-0.0074410467214419615,0.3830570902394107,0.6169429097605893
cas,1103,future,Fatal,feature_weather_primary,0.23677904618306209,5,0.010946001671852165,0.8033558420298752,0.19664415797012483
cas,1103,future,Fatal,feature_weather_secondary,0.051719599284719912,14,-0.001894041163123125,0.95805197462656022,0.041948025373439737
cas,1103,future,Minor,feature_advisory_speed,0.022188495438958435,14,-0.0010772804168690826,0.15203601391446694,0.84796398608553303
cas,1103,future,Minor,feature_light,0.095629415326503112,6,0.0088366802937156555,0.59075097196644155,0.40924902803355839
cas,1103,future,Minor,feature_number_of_lanes,0.06944146558979139,7,-0.00056034654117671746,0.26846736239001434,0.73153263760998566
cas,1103,future,Minor,feature_road_character,0.035624663306993549,12,0.0016289866123075732,0.045835891139758542,0.9541641088602415
cas,1103,future,Minor,feature_road_lane,0.10200944175589781,4,0.0044255966349921703,0.20871700429711479,0.79128299570288518
cas,1103,future,Minor,feature_road_surface,0.0061204385907106199,15,0.00043915814000826614,0.41600163699611215,0.58399836300388785
cas,1103,future,Minor,feature_speed_limit,0.168398766346641,1,0.0044324198890595221,0.58870472682627384,0.41129527317372622
cas,1103,future,Minor,feature_state_highway,0.056673880743915155,8,0.00012998976179951017,0.62021690198485779,0.37978309801514221
cas,1103,future,Minor,feature_street_light,0.1191910208320882,3,-0.00058375158583176144,0.59893595252711274,0.40106404747288726
cas,1103,future,Minor,feature_temporary_speed_limit,0.044930337517942301,10,0.0029221860108841532,0.035809289952936363,0.96419071004706369
cas,1103,future,Minor,feature_terrain,0.046912922061221211,9,0.0036803484479339074,0.61285041948025376,0.38714958051974624
cas,1103,future,Minor,feature_traffic_control,0.098550616420432335,5,-0.019793571920264361,0.29670554532432986,0.7032944546756702
cas,1103,future,Minor,feature_urban,0.040516693451829525,11,0.0035143611171294209,0.61919377941477394,0.38080622058522612
cas,1103,future,Minor,feature_weather_primary,0.12693909309669454,2,-0.0096792822517865022,0.18375281358706774,0.81624718641293226
cas,1103,future,Minor,feature_weather_secondary,0.033053391285678975,13,-0.00041979923616413707,0.035809289952936363,0.96419071004706369
cas,1103,future,Serious,feature_advisory_speed,0.029548168092208196,10,-0.00071395370671342815,0.14241866175567833,0.8575813382443217
cas,1103,future,Serious,feature_light,0.079006394273866049,3,0.0050687571878534621,0.55289543687333742,0.44710456312666258
cas,1103,future,Serious,feature_number_of_lanes,0.062757618432117399,5,-0.0061118117052288952,0.22406384284837325,0.77593615715162678
cas,1103,future,Serious,feature_road_character,0.021530908291695461,12,0.00039904187332004214,0.16881522406384286,0.83118477593615714
cas,1103,future,Serious,feature_road_lane,0.035270151211534415,9,0.0049031828935789182,0.28708819316554124,0.71291180683445876
cas,1103,future,Serious,feature_road_surface,0.0087105907534170742,15,-0.0013301082309440215,0.22672396153059138,0.77327603846940862
cas,1103,future,Serious,feature_speed_limit,0.098313180748084747,1,0.0083901304117073149,0.54184571311643137,0.45815428688356863
cas,1103,future,Serious,feature_state_highway,0.09565294221010473,2,0.002522217478928431,0.67873951299365665,0.32126048700634335
cas,1103,future,Serious,feature_street_light,0.058873711188681226,6,-0.0062382887324764699,0.45365254757519952,0.54634745242480054
cas,1103,future,Serious,feature_temporary_speed_limit,0.026575050710223636,11,0.0024085489185129401,0.057704112952731736,0.9422958870472683
cas,1103,future,Serious,feature_terrain,0.044471820869973797,7,0.00073013532882005509,0.40229179455698794,0.59770820544301206
cas,1103,future,Serious,feature_traffic_control,0.066553866347004109,4,0.0013733498702698497,0.47882136279926335,0.52117863720073665
cas,1103,future,Serious,feature_urban,0.020782314657886779,13,-0.0012074789934985934,0.53939021894823003,0.46060978105177003
cas,1103,future,Serious,feature_weather_primary,0.038210175043199429,8,-0.0022933839351513708,0.4653161448741559,0.53468385512584404
cas,1103,future,Serious,feature_weather_secondary,0.018411611287735278,14,0.00086869551009343955,0.44976468180888068,0.55023531819111926
cas,1103,future,overall,feature_advisory_speed,0.034867866670315516,13,-0.0010972195602077487,0.69551872314303254,0.30448127685696746
cas,1103,future,overall,feature_light,0.12727337822061061,6,0.00084670504276316346,0.53427460609781052,0.46572539390218948
cas,1103,future,overall,feature_number_of_lanes,0.16767323744190954,2,0.00042249579433945586,0.81542868835686511,0.18457131164313484
cas,1103,future,overall,feature_road_character,0.048731231950383452,12,0.00033353485551061642,0.94290976058931864,0.0570902394106814
cas,1103,future,overall,feature_road_lane,0.14472299731087518,4,-0.005425740275031208,0.85021485573971767,0.14978514426028239
cas,1103,future,overall,feature_road_surface,0.010162952335122712,15,0.00075557606338022597,0.063433599345201555,0.93656640065479846
cas,1103,future,overall,feature_speed_limit,0.21798949356605976,1,0.0017029048207291857,0.45692653979946796,0.54307346020053204
cas,1103,future,overall,feature_state_highway,0.10109532205642256,8,0.0028624090782665072,0.53591160220994472,0.46408839779005523
cas,1103,future,overall,feature_street_light,0.11881997317329573,7,0.0011937290371693849,0.56680990382647845,0.43319009617352161
cas,1103,future,overall,feature_temporary_speed_limit,0.066837240593390343,10,-0.00065886077865075069,0.96541845713116436,0.034581542868835684
cas,1103,future,overall,feature_terrain,0.056028388155469171,11,-0.00010280720177612755,0.39472068753836709,0.60527931246163291
cas,1103,future,overall,feature_traffic_control,0.1553637626481309,3,0.0027756390306056451,0.66748516472273378,0.33251483527726622
cas,1103,future,overall,feature_urban,0.070437692835260635,9,-0.0017113881992703776,0.37405361162267242,0.62594638837732763
cas,1103,future,overall,feature_weather_primary,0.13397610477431857,5,-0.00034222150502856902,0.78453038674033149,0.21546961325966851
cas,1103,future,overall,feature_weather_secondary,0.034394867286044732,14,-0.00048171496306460777,0.90730509515039903,0.092694904849600981
cas,1103,internal,Fatal,feature_advisory_speed,0.048289749319070693,13,0.0033126479140668992,0.91958256599140575,0.080417434008594232
cas,1103,internal,Fatal,feature_light,0.21837416897175807,6,-0.0048748528059056892,0.42336811950071618,0.57663188049928382
cas,1103,internal,Fatal,feature_number_of_lanes,0.38172277932446391,2,-0.0077196826896053818,0.79435236341313686,0.20564763658686311
cas,1103,internal,Fatal,feature_road_character,0.091094300710917148,11,-0.0034511506884809832,0.93943114385103332,0.060568856148966649
cas,1103,internal,Fatal,feature_road_lane,0.28425475794880312,4,-0.012839333954551415,0.85471659504808672,0.14528340495191325
cas,1103,internal,Fatal,feature_road_surface,0.015954911755679896,15,0.0042666200923728538,0.34295068549212193,0.65704931450787807
cas,1103,internal,Fatal,feature_speed_limit,0.38807960788303514,1,0.00036250009317176216,0.43666871291180681,0.56333128708819313
cas,1103,internal,Fatal,feature_state_highway,0.14590324936440055,9,0.010520432003125003,0.35359116022099446,0.64640883977900554
cas,1103,internal,Fatal,feature_street_light,0.17999499483616324,7,0.012451798092676939,0.52854511970534068,0.47145488029465932
cas,1103,internal,Fatal,feature_temporary_speed_limit,0.11857526246557099,10,0.0036759143856271875,0.96705545324329856,0.03294454675670145
cas,1103,internal,Fatal,feature_terrain,0.073350282007386081,12,-0.0012083523373432571,0.45303867403314918,0.54696132596685088
cas,1103,internal,Fatal,feature_traffic_control,0.3334589219301356,3,-0.010323138177804472,0.65275219971352572,0.34724780028647434
cas,1103,internal,Fatal,feature_urban,0.15201004769191878,8,-0.0077890978371311309,0.37916922447309187,0.62083077552690813
cas,1103,internal,Fatal,feature_weather_primary,0.2478615959908177,5,-0.0049651866295910962,0.78637200736648249,0.21362799263351751
cas,1103,internal,Fatal,feature_weather_secondary,0.048237094295543799,14,0.0010759345018564034,0.96296296296296291,0.037037037037037035
cas,1103,internal,Minor,feature_advisory_speed,0.021132901795085608,14,-0.0024356214881866862,0.14937589523224881,0.85062410476775119
cas,1103,internal,Minor,feature_light,0.097150489989150823,6,0.004935909878834987,0.5711070186208308,0.4288929813791692
cas,1103,internal,Minor,feature_number_of_lanes,0.073416848767043477,7,0.0040683275714543275,0.27931246163290363,0.72068753836709643
cas,1103,internal,Minor,feature_road_character,0.035157409565456078,12,0.0010573396071508272,0.04910988336402701,0.950890116635973
cas,1103,internal,Minor,feature_road_lane,0.097940079272749267,5,0.00080673147161171039,0.21362799263351751,0.78637200736648249
cas,1103,internal,Minor,feature_road_surface,0.0059271436603904057,15,0.00045584509419102821,0.41170452220175979,0.58829547779824021
cas,1103,internal,Minor,feature_speed_limit,0.169107342746602,1,0.0018914655118004494,0.58911397585430736,0.41088602414569264
cas,1103,internal,Minor,feature_state_highway,0.056345188732726863,8,-0.0016825475515806912,0.61182729691016979,0.38817270308983015
cas,1103,internal,Minor,feature_street_light,0.11671602043299652,3,0.0010372664945254564,0.60261919377941475,0.39738080622058525
cas,1103,internal,Minor,feature_temporary_speed_limit,0.041396574873778305,10,-0.00039907983311593566,0.033353795784735012,0.96664620421526504
cas,1103,internal,Minor,feature_terrain,0.044568634899791987,9,0.00092395085191220982,0.59873132801309592,0.40126867198690402
cas,1103,internal,Minor,feature_traffic_control,0.11396119387322443,4,-0.0023734653145038214,0.31921424186617559,0.68078575813382447
cas,1103,internal,Minor,feature_urban,0.039811684800704794,11,0.0041589708180387614,0.62246777163904232,0.37753222836095762
cas,1103,internal,Minor,feature_weather_primary,0.12938895373450054,2,-0.0032993389003215827,0.20216901984857785,0.79783098015142218
cas,1103,internal,Minor,feature_weather_secondary,0.031567376338599573,13,-0.0010684238863706203,0.031307550644567222,0.96869244935543275
cas,1103,internal,Serious,feature_advisory_speed,0.027287418371007538,10,-0.0033371112896374683,0.13730304890525885,0.8626969510947412
cas,1103,internal,Serious,feature_light,0.081406360788553608,3,0.00038065101435566615,0.53529772866789438,0.46470227133210557
cas,1103,internal,Serious,feature_number_of_lanes,0.065102720446337942,5,-0.0043365692982190425,0.22958870472682627,0.77041129527317376
cas,1103,internal,Serious,feature_road_character,0.023048809698144285,12,0.0015601533519477204,0.15653775322283608,0.84346224677716386
cas,1103,internal,Serious,feature_road_lane,0.034004137109437144,9,0.0034772120482838248,0.28504194802537342,0.71495805197462658
cas,1103,internal,Serious,feature_road_surface,0.0086616757546121251,15,-0.00125381917735554,0.21833435645590341,0.78166564354409662
cas,1103,internal,Serious,feature_speed_limit,0.095524526453004216,1,0.0061478849456754392,0.55064456721915289,0.44935543278084716
cas,1103,internal,Serious,feature_state_highway,0.091343021774904637,2,-0.00060159450015985743,0.66584816861059959,0.33415183138940047
cas,1103,internal,Serious,feature_street_light,0.059379831434398907,6,-0.0066918663826203645,0.45017393083691426,0.54982606916308574
cas,1103,internal,Serious,feature_temporary_speed_limit,0.024441673758689338,11,-0.00087611166182584559,0.051770002046245142,0.94822999795375484
cas,1103,internal,Serious,feature_terrain,0.04139335278872671,7,0.00037031007282574158,0.40658890935134029,0.59341109064865971
cas,1103,internal,Serious,feature_traffic_control,0.067962338769240141,4,0.00077618885029511256,0.47534274606097809,0.52465725393902185
cas,1103,internal,Serious,feature_urban,0.020669734128629262,13,-0.00080101197051323891,0.5508491917331696,0.44915080826683035
cas,1103,internal,Serious,feature_weather_primary,0.041022643690781783,8,-0.00068607421386056788,0.46020053202373645,0.53979946797626355
cas,1103,internal,Serious,feature_weather_secondary,0.016597037059752524,14,-0.00013405973991587538,0.43155310006138736,0.56844689993861264
cas,1103,internal,overall,feature_advisory_speed,0.032236689828387927,13,-0.00082002828791908526,0.69470022508696538,0.30529977491303456
cas,1103,internal,overall,feature_light,0.13231033991648872,6,0.00014723602909498767,0.52383875588295481,0.47616124411704525
cas,1103,internal,overall,feature_number_of_lanes,0.1734141161792811,2,-0.0026626414721233659,0.80396971557192554,0.19603028442807449
cas,1103,internal,overall,feature_road_character,0.049766839991505489,12,-0.00027788590979414509,0.93861264579496628,0.061387354205033766
cas,1103,internal,overall,feature_road_lane,0.13873299144366524,5,-0.0028517968115519608,0.85573971761817069,0.14426028238182934
cas,1103,internal,overall,feature_road_surface,0.010181243723560812,15,0.001156215336402781,0.060773480662983423,0.93922651933701662
cas,1103,internal,overall,feature_speed_limit,0.21757049236088077,1,0.0028006168502158848,0.45774503785553511,0.54225496214446489
cas,1103,internal,overall,feature_state_highway,0.097863819957345291,8,0.0027454299837948179,0.53120523838755884,0.46879476161244116
cas,1103,internal,overall,feature_street_light,0.11869694890118938,7,0.0022657327348606766,0.57888275015346835,0.42111724984653159
cas,1103,internal,overall,feature_temporary_speed_limit,0.061471170366012538,10,0.00080024096356180188,0.96787395129936571,0.032126048700634333
cas,1103,internal,overall,feature_terrain,0.0531040898986355,11,2.8636195798231573e-05,0.38121546961325969,0.61878453038674031
cas,1103,internal,overall,feature_traffic_control,0.17179415152419839,3,-0.0039734715473377265,0.64681808880703906,0.35318191119296094
cas,1103,internal,overall,feature_urban,0.070830488873750222,9,-0.0014770463298685358,0.37753222836095762,0.62246777163904232
cas,1103,internal,overall,feature_weather_primary,0.13942439780536708,4,-0.002983533247924415,0.77266216492735829,0.22733783507264171
cas,1103,internal,overall,feature_weather_secondary,0.032133835897965278,14,-4.2183041476697259e-05,0.90750971966441585,0.092490280335584207
cas,2207,future,Fatal,feature_advisory_speed,0.040732218314825056,14,-0.0049028320985730345,0.59136484550849189,0.40863515449150806
cas,2207,future,Fatal,feature_light,0.26791813964349487,6,-0.015805951941017103,0.4593820339676693,0.5406179660323307
cas,2207,future,Fatal,feature_number_of_lanes,0.46737916751873987,3,0.03087967718671936,0.80417434008594224,0.1958256599140577
cas,2207,future,Fatal,feature_road_character,0.056877983347326119,12,0.016426817292314488,0.88459177409453649,0.11540822590546347
cas,2207,future,Fatal,feature_road_lane,0.2904329215487651,5,-0.025010310486715412,0.83711888684264379,0.16288111315735626
cas,2207,future,Fatal,feature_road_surface,0.026751299629199966,15,0.0015105277172945458,0.078780437896459998,0.92121956210354006
cas,2207,future,Fatal,feature_speed_limit,0.49876660659462385,2,0.0152754116736147,0.41968487824841416,0.58031512175158584
cas,2207,future,Fatal,feature_state_highway,0.14503592061599674,9,0.0082197374957894299,0.37343973808062209,0.62656026191937797
cas,2207,future,Fatal,feature_street_light,0.16830025791123882,8,-0.013737130677245938,0.48004910988336402,0.51995089011663598
cas,2207,future,Fatal,feature_temporary_speed_limit,0.19693793051393585,7,0.0066424039875063378,0.96562308164518107,0.03437691835481891
cas,2207,future,Fatal,feature_terrain,0.12165258117715674,10,-0.013474460305997703,0.55862492326580726,0.44137507673419274
cas,2207,future,Fatal,feature_traffic_control,0.50208494215030575,1,0.029045140689504763,0.69449560057294868,0.30550439942705138
cas,2207,future,Fatal,feature_urban,0.088014699091686882,11,-0.0051817140985435288,0.37037037037037035,0.62962962962962965
cas,2207,future,Fatal,feature_weather_primary,0.41265099432560648,4,0.033344537162074764,0.80253734397380805,0.19746265602619192
cas,2207,future,Fatal,feature_weather_secondary,0.051712770306041614,13,-0.0015474812492961934,0.90525885001023121,0.094741149989768778
cas,2207,future,Minor,feature_advisory_speed,0.037077558704974582,10,-0.0032883203060805164,0.10579087374667485,0.89420912625332516
cas,2207,future,Minor,feature_light,0.13227390300423197,3,0.0016940030413133307,0.47411499897687742,0.52588500102312252
cas,2207,future,Minor,feature_number_of_lanes,0.080148996683807081,7,-0.00023905875360709903,0.26396562308164517,0.73603437691835483
cas,2207,future,Minor,feature_road_character,0.035213272111307703,11,-0.0030565435671045262,0.1240024554941682,0.87599754450583178
cas,2207,future,Minor,feature_road_lane,0.098156160400433748,6,-0.011272701640587865,0.13730304890525885,0.8626969510947412
cas,2207,future,Minor,feature_road_surface,0.012433801334794305,15,-0.0015641015835372411,0.33988131778187025,0.66011868221812975
cas,2207,future,Minor,feature_speed_limit,0.18866427141934655,1,0.035090444196707427,0.6169429097605893,0.3830570902394107
cas,2207,future,Minor,feature_state_highway,0.052533531355544609,8,-0.001389550680897059,0.55698792715367296,0.44301207284632699
cas,2207,future,Minor,feature_street_light,0.13136696334983763,4,0.009635018769210869,0.60405156537753224,0.39594843462246776
cas,2207,future,Minor,feature_temporary_speed_limit,0.030034855529443655,12,-0.0023656744106188817,0.034990791896869246,0.96500920810313073
cas,2207,future,Minor,feature_terrain,0.046970210800189184,9,0.0014205292873668348,0.5880908532842235,0.41190914671577655
cas,2207,future,Minor,feature_traffic_control,0.14996278420178563,2,-0.027393765186219748,0.28749744219357481,0.71250255780642524
cas,2207,future,Minor,feature_urban,0.026913040329023051,14,-0.0055562152580063253,0.55903417229384078,0.44096582770615922
cas,2207,future,Minor,feature_weather_primary,0.12542943052672526,5,-0.0015382213980544514,0.18866380192347043,0.81133619807652957
cas,2207,future,Minor,feature_weather_secondary,0.029417960046027678,13,-0.0012100700658018507,0.10763249437282586,0.89236750562717415
cas,2207,future,Serious,feature_advisory_speed,0.036922657312256225,9,-0.0019592581882401663,0.16513198281154082,0.83486801718845915
cas,2207,future,Serious,feature_light,0.073927265999373798,4,0.0029207981129220706,0.52097401268671983,0.47902598731328011
cas,2207,future,Serious,feature_number_of_lanes,0.066673047893427123,6,-0.0062473260510827909,0.22549621444649068,0.77450378555350929
cas,2207,future,Serious,feature_road_character,0.025362075005721969,12,0.0018015864643256834,0.43237159811745446,0.56762840188254549
cas,2207,future,Serious,feature_road_lane,0.025697310731381554,11,-0.00085427039044036479,0.54307346020053204,0.45692653979946796
cas,2207,future,Serious,feature_road_surface,0.015480283338327582,14,0.00067752574729408339,0.13873542050337631,0.86126457949662372
cas,2207,future,Serious,feature_speed_limit,0.14623557493282024,1,0.0085995967757392187,0.54839369756496825,0.45160630243503169
cas,2207,future,Serious,feature_state_highway,0.071379449169360162,5,0.0026959105036928064,0.61796603233067326,0.38203396766932679
cas,2207,future,Serious,feature_street_light,0.080378275715923861,3,-0.0028803769552737052,0.41477388991201147,0.58522611008798853
cas,2207,future,Serious,feature_temporary_speed_limit,0.014155608329261486,15,0.00017236757512665448,0.17945569879271536,0.82054430120728461
cas,2207,future,Serious,feature_terrain,0.053366773082809148,7,0.0038738202647181775,0.40924902803355839,0.59075097196644155
cas,2207,future,Serious,feature_traffic_control,0.08767619689752669,2,0.0043188362913164444,0.33231021076324946,0.6676897892367506
cas,2207,future,Serious,feature_urban,0.031965830564928688,10,-0.00047960044880585289,0.33190096173521588,0.66809903826478412
cas,2207,future,Serious,feature_weather_primary,0.050363943358842672,8,0.001394863196341814,0.56292203806015961,0.43707796193984039
cas,2207,future,Serious,feature_weather_secondary,0.021887941144258433,13,0.0002305643814044277,0.66871291180683445,0.33128708819316555
cas,2207,future,overall,feature_advisory_speed,0.03824414477735235,13,-0.003383470197631239,0.10988336402701043,0.89011663597298951
cas,2207,future,overall,feature_light,0.15803976954903129,5,-0.0037303835955939013,0.45303867403314918,0.54696132596685088
cas,2207,future,overall,feature_number_of_lanes,0.2047337373653266,3,0.0081310974606764886,0.79680785758133821,0.20319214241866176
cas,2207,future,overall,feature_road_character,0.039151110154784917,12,0.0050572867298452166,0.76140781665643542,0.23859218334356455
cas,2207,future,overall,feature_road_lane,0.13809546422686064,6,-0.012379094172581212,0.81256394516063024,0.18743605483936976
cas,2207,future,overall,feature_road_surface,0.018221794767440853,15,0.00020798396035046288,0.033763044812768567,0.96623695518723141
cas,2207,future,overall,feature_speed_limit,0.27788881764893247,1,0.019655150882020449,0.52240638428483732,0.47759361571516268
cas,2207,future,overall,feature_state_highway,0.089649633713632798,8,0.0031753657728617254,0.41825250665029673,0.58174749334970333
cas,2207,future,overall,feature_street_light,0.12668183232566582,7,-0.0023274962877695908,0.38162471864129321,0.61837528135870679
cas,2207,future,overall,feature_temporary_speed_limit,0.080376131457547753,9,0.0014830323840047041,0.9695109474114999,0.030489052588500102
cas,2207,future,overall,feature_terrain,0.073996521686717692,10,-0.0027267035846375654,0.59361571516267653,0.40638428483732353
cas,2207,future,overall,feature_traffic_control,0.24657464108321003,2,0.0019900705982004874,0.73112338858195214,0.26887661141804786
cas,2207,future,overall,feature_urban,0.048964523328545416,11,-0.0037391766017852361,0.39328831594024966,0.6067116840597504
cas,2207,future,overall,feature_weather_primary,0.19614812273705665,4,0.011067059653454041,0.81665643544096578,0.18334356455903417
cas,2207,future,overall,feature_weather_secondary,0.034339557165441612,14,-0.00084232897789787242,0.84489461837528135,0.15510538162471865
cas,2207,internal,Fatal,feature_advisory_speed,0.039421019527565319,14,-0.0050759754713426601,0.57683650501330064,0.42316349498669942
cas,2207,internal,Fatal,feature_light,0.27981005005422577,6,-0.0042856929611773086,0.47247800286474317,0.52752199713525683
cas,2207,internal,Fatal,feature_number_of_lanes,0.47912250774052967,3,0.0071172395814908156,0.79517086146920402,0.20482913853079598
cas,2207,internal,Fatal,feature_road_character,0.061156239317291736,12,0.011757087932313297,0.87947616124411709,0.12052383875588296
cas,2207,internal,Fatal,feature_road_lane,0.28791780384661736,5,-0.028888851297080593,0.82872928176795579,0.17127071823204421
cas,2207,internal,Fatal,feature_road_surface,0.025620537033472422,15,-0.00074195807926924582,0.074278698588090858,0.92572130141190911
cas,2207,internal,Fatal,feature_speed_limit,0.50679835274160023,2,0.062365438889402991,0.44178432576222632,0.55821567423777374
cas,2207,internal,Fatal,feature_state_highway,0.14605338269234439,9,0.008764927743311151,0.3720073664825046,0.62799263351749535
cas,2207,internal,Fatal,feature_street_light,0.17035300226258948,8,-0.0055175228334692124,0.4982606916308574,0.5017393083691426
cas,2207,internal,Fatal,feature_temporary_speed_limit,0.20119467473669014,7,0.0004253334936836466,0.96316758747697973,0.036832412523020261
cas,2207,internal,Fatal,feature_terrain,0.11904160412145295,10,-0.0085884864339165808,0.5643544096582771,0.43564559034172295
cas,2207,internal,Fatal,feature_traffic_control,0.52368378025170914,1,-0.0070856503403353985,0.6795580110497238,0.32044198895027626
cas,2207,internal,Fatal,feature_urban,0.089537627609161813,11,-0.0062893964129486189,0.37732760384694086,0.62267239615305914
cas,2207,internal,Fatal,feature_weather_primary,0.42869718694466258,4,0.015401678574529447,0.791487620216902,0.20851237978309803
cas,2207,internal,Fatal,feature_weather_secondary,0.053983363018129886,13,-0.0036416471206689861,0.89257213014119097,0.10742786985880909
cas,2207,internal,Minor,feature_advisory_speed,0.03839206737786046,11,-0.0026690653125853738,0.097196644157970122,0.90280335584202986
cas,2207,internal,Minor,feature_light,0.13748249218400205,3,-0.0026150387657689366,0.47902598731328011,0.52097401268671983
cas,2207,internal,Minor,feature_number_of_lanes,0.083141333522991037,7,0.0024436738716301022,0.26212400245549416,0.73787599754450584
cas,2207,internal,Minor,feature_road_character,0.038631172681889432,10,-0.00025210809199241143,0.12604870063433599,0.87395129936566396
cas,2207,internal,Minor,feature_road_lane,0.097043208478575879,6,-0.011839119137892741,0.13853079598935952,0.86146920401064042
cas,2207,internal,Minor,feature_road_surface,0.01173213252769772,15,-0.00090709916385977067,0.3474524248004911,0.6525475751995089
cas,2207,internal,Minor,feature_speed_limit,0.18154704077189668,1,0.019692761527835886,0.59361571516267653,0.40638428483732353
cas,2207,internal,Minor,feature_state_highway,0.053233355163382672,8,-0.0021964495597339949,0.55003069367710256,0.4499693063228975
cas,2207,internal,Minor,feature_street_light,0.12951300458635939,5,0.0037277283565110703,0.60384694086351542,0.39615305913648458
cas,2207,internal,Minor,feature_temporary_speed_limit,0.032499193649253418,12,0.00015308019821735078,0.037446286065070597,0.96255371393492939
cas,2207,internal,Minor,feature_terrain,0.045963827843278404,9,0.00014304143071306192,0.56803765091057912,0.43196234908942094
cas,2207,internal,Minor,feature_traffic_control,0.16117628157220409,2,-0.012569342918044476,0.31143851033353798,0.68856148966646202
cas,2207,internal,Minor,feature_urban,0.027618438705907255,14,-0.0055260050042349974,0.54430120728463272,0.45569879271536728
cas,2207,internal,Minor,feature_weather_primary,0.1308762280767401,4,0.003987778018310119,0.20339676693267852,0.7966032330673215
cas,2207,internal,Minor,feature_weather_secondary,0.030193373087088395,13,-0.0015872572237657207,0.10169838346633926,0.8983016165336607
cas,2207,internal,Serious,feature_advisory_speed,0.03495710092172892,9,-0.0020212050021693835,0.16595048086760794,0.83404951913239211
cas,2207,internal,Serious,feature_light,0.076886217536992901,4,8.1580588747579011e-05,0.49089420912625331,0.50910579087374663
cas,2207,internal,Serious,feature_number_of_lanes,0.070322286683966242,6,-0.0032745702986430774,0.22856558215674239,0.77143441784325761
cas,2207,internal,Serious,feature_road_character,0.03034689352877739,11,0.0021756472296978442,0.42336811950071618,0.57663188049928382
cas,2207,internal,Serious,feature_road_lane,0.026522722997917934,12,-0.00045152591260072604,0.53939021894823003,0.46060978105177003
cas,2207,internal,Serious,feature_road_surface,0.015386593278849295,15,0.00099068827604559891,0.14589727849396358,0.85410272150603639
cas,2207,internal,Serious,feature_speed_limit,0.14165639630908392,1,-0.0055056433174483837,0.52752199713525683,0.47247800286474317
cas,2207,internal,Serious,feature_state_highway,0.071855756983055796,5,0.0038272186094799225,0.60364231634949872,0.39635768365050134
cas,2207,internal,Serious,feature_street_light,0.080604449195703323,3,-0.006772616471841463,0.42848373235113568,0.57151626764886432
cas,2207,internal,Serious,feature_temporary_speed_limit,0.015624499331966767,14,0.00056206546339202087,0.17290771434417843,0.8270922856558216
cas,2207,internal,Serious,feature_terrain,0.053728102436163563,7,0.0054790931866730364,0.42132187436054841,0.57867812563945165
cas,2207,internal,Serious,feature_traffic_control,0.090416113890818786,2,0.0037914642197710699,0.34908942091262535,0.65091057908737471
cas,2207,internal,Serious,feature_urban,0.031649977370178384,10,-2.0844502806965689e-05,0.34499693063228976,0.65500306936771024
cas,2207,internal,Serious,feature_weather_primary,0.052735895723738102,8,0.0059062782862807431,0.55801104972375692,0.44198895027624308
cas,2207,internal,Serious,feature_weather_secondary,0.024442755348360334,13,-0.0039283019323078138,0.67178227951708613,0.32821772048291387
cas,2207,internal,overall,feature_advisory_speed,0.037590062609051615,13,-0.0032554152620324728,0.1033353795784735,0.8966646204215265
cas,2207,internal,overall,feature_light,0.16472625325840515,5,-0.002273050379399556,0.45774503785553511,0.54225496214446489
cas,2207,internal,overall,feature_number_of_lanes,0.21086204264916319,3,0.0020954477181592815,0.79291999181501949,0.20708000818498057
cas,2207,internal,overall,feature_road_character,0.043378101842652741,12,0.0045602090233395768,0.74974421935747904,0.25025578064252096
cas,2207,internal,overall,feature_road_lane,0.13716124510770414,6,-0.013726498782524686,0.7982402291794557,0.2017597708205443
cas,2207,internal,overall,feature_road_surface,0.017579754280006767,15,-0.00021945632236113931,0.031921424186617559,0.96807857581338241
cas,2207,internal,overall,feature_speed_limit,0.27666726327419477,1,0.025517519033263499,0.53488847963986086,0.46511152036013914
cas,2207,internal,overall,feature_state_highway,0.090380831612926676,8,0.003465232264352359,0.41866175567833025,0.58133824432166969
cas,2207,internal,overall,feature_street_light,0.1268234853482165,7,-0.0028541369829332025,0.39144669531409865,0.60855330468590141
cas,2207,internal,overall,feature_temporary_speed_limit,0.083106122572637234,9,0.00038015971843100672,0.96787395129936571,0.032126048700634333
cas,2207,internal,overall,feature_terrain,0.072911178133631044,10,-0.00098878393884349386,0.59852670349907922,0.40147329650092078
cas,2207,internal,overall,feature_traffic_control,0.25842539190491387,2,-0.0052878430128696008,0.72600777573153263,0.27399222426846737
cas,2207,internal,overall,feature_urban,0.04960201456174821,11,-0.0039454153066635278,0.40045017393083693,0.59954982606916307
cas,2207,internal,overall,feature_weather_primary,0.20410310358171355,4,0.0084319116263734326,0.80826683036627789,0.19173316963372211
cas,2207,internal,overall,feature_weather_secondary,0.036206497151192354,14,-0.003052402092247507,0.83752813587067731,0.16247186412932269
cas,3301,future,Fatal,feature_advisory_speed,0.061450865698952646,12,-0.0010284458775876534,0.93206466134642929,0.067935338653570695
cas,3301,future,Fatal,feature_light,0.29423170070146004,4,-0.0075876764169801889,0.43441784325762228,0.56558215674237777
cas,3301,future,Fatal,feature_number_of_lanes,0.42966189359267731,2,0.0093416325132741548,0.8101084509924289,0.1898915490075711
cas,3301,future,Fatal,feature_road_character,0.050316899273019598,13,-0.00042131374570028693,0.90403110292613054,0.09596889707386945
cas,3301,future,Fatal,feature_road_lane,0.22044849252631371,6,-0.015874063314653502,0.83261714753427463,0.1673828524657254
cas,3301,future,Fatal,feature_road_surface,0.012882315668453168,15,2.6901102688660315e-05,0.59893595252711274,0.40106404747288726
cas,3301,future,Fatal,feature_speed_limit,0.46192908905157343,1,0.002556733371847131,0.42316349498669942,0.57683650501330064
cas,3301,future,Fatal,feature_state_highway,0.13871124125749829,8,-0.0071855352172378196,0.35134029056680988,0.64865970943319007
cas,3301,future,Fatal,feature_street_light,0.16412034062374578,7,-0.018115243831444836,0.53140986290157566,0.4685901370984244
cas,3301,future,Fatal,feature_temporary_speed_limit,0.10612373813822967,9,0.0012240806500329075,0.96746470227133208,0.032535297728667895
cas,3301,future,Fatal,feature_terrain,0.092822019106864398,11,-0.0034594861255752996,0.41456926539799466,0.58543073460200534
cas,3301,future,Fatal,feature_traffic_control,0.35970920556281538,3,0.022549881535783384,0.69654184571311639,0.30345815428688355
cas,3301,future,Fatal,feature_urban,0.10234712892867455,10,-4.9132192145597173e-05,0.39860855330468592,0.60139144669531408
cas,3301,future,Fatal,feature_weather_primary,0.2826207355794465,5,0.0082561149190185125,0.80703908328217722,0.19296091671782278
cas,3301,future,Fatal,feature_weather_secondary,0.037426832060866173,14,-0.00091063794633858904,0.92265193370165743,0.077348066298342538
cas,3301,future,Minor,feature_advisory_speed,0.033281938965294272,11,-0.0014277131401938122,0.087579291999181505,0.91242070800081854
cas,3301,future,Minor,feature_light,0.11880391676139665,4,-0.001159511054264224,0.53857172089216288,0.46142827910783712
cas,3301,future,Minor,feature_number_of_lanes,0.085516485679313983,7,0.0020280487474830947,0.21894822999795374,0.78105177000204629
cas,3301,future,Minor,feature_road_character,0.027834326939775871,13,-0.0011233099829140035,0.18068344587681603,0.81931655412318394
cas,3301,future,Minor,feature_road_lane,0.097264180110118809,6,0.0070168038034136605,0.16717822795170861,0.83282177204829133
cas,3301,future,Minor,feature_road_surface,0.0070520570989595797,15,0.00076395695601550655,0.5017393083691426,0.4982606916308574
cas,3301,future,Minor,feature_speed_limit,0.18698899469802388,1,-0.0033985909968519364,0.57785962758338449,0.42214037241661551
cas,3301,future,Minor,feature_state_highway,0.045171867876338083,9,-0.0034870806387016441,0.56496828320032744,0.43503171679967262
cas,3301,future,Minor,feature_street_light,0.1398062451567248,2,0.010811787811478721,0.59893595252711274,0.40106404747288726
cas,3301,future,Minor,feature_temporary_speed_limit,0.042881788837570274,10,-0.00021849748899483126,0.032126048700634333,0.96787395129936571
cas,3301,future,Minor,feature_terrain,0.048569476542754612,8,0.0064133832255163494,0.59586658481686106,0.40413341518313894
cas,3301,future,Minor,feature_traffic_control,0.10310547680790542,5,-0.022731552167440081,0.27317372621240027,0.72682627378759979
cas,3301,future,Minor,feature_urban,0.025747474517591788,14,0.0062051157035321889,0.59238796807857586,0.4076120319214242
cas,3301,future,Minor,feature_weather_primary,0.12469574113949221,3,-0.0003923697399504786,0.18743605483936976,0.81256394516063024
cas,3301,future,Minor,feature_weather_secondary,0.032877350610545371,12,0.0010418230358221732,0.053816247186412931,0.94618375281358702
cas,3301,future,Serious,feature_advisory_speed,0.023165791578243805,11,0.0014040256050263824,0.35174953959484345,0.64825046040515655
cas,3301,future,Serious,feature_light,0.093447972131525642,2,0.0056070369999756354,0.52772662164927353,0.47227337835072641
cas,3301,future,Serious,feature_number_of_lanes,0.066509732304109462,6,0.00027560410587301049,0.26580724370779618,0.73419275629220382
cas,3301,future,Serious,feature_road_character,0.01945505178448554,12,0.00055218949231849784,0.49089420912625331,0.50910579087374663
cas,3301,future,Serious,feature_road_lane,0.032608218413235725,9,0.002616708069604535,0.43625946388377329,0.56374053611622676
cas,3301,future,Serious,feature_road_surface,0.010156994992846623,15,-0.00085906105881293179,0.17884182525066503,0.82115817474933495
cas,3301,future,Serious,feature_speed_limit,0.11236441025994526,1,0.0038106175847008854,0.54450583179864953,0.45549416820135052
cas,3301,future,Serious,feature_state_highway,0.085062064317759353,3,-0.0011135323088819306,0.62246777163904232,0.37753222836095762
cas,3301,future,Serious,feature_street_light,0.075030010497086991,4,0.0012506701678158543,0.45651729077143444,0.54348270922856556
cas,3301,future,Serious,feature_temporary_speed_limit,0.016583577690297262,14,0.00046454985171178451,0.05934110906486597,0.940658890935134
cas,3301,future,Serious,feature_terrain,0.044908906017810453,8,-0.0019176877796756166,0.4890525885001023,0.51094741149989764
cas,3301,future,Serious,feature_traffic_control,0.073381228282013322,5,0.0010756777553419274,0.4990791896869245,0.50092081031307556
cas,3301,future,Serious,feature_urban,0.025557652195007538,10,0.0027848699948265112,0.41272764477184365,0.58727235522815635
cas,3301,future,Serious,feature_weather_primary,0.052083038960810818,7,-1.0396516068740517e-05,0.30468590137098422,0.69531409862901572
cas,3301,future,Serious,feature_weather_secondary,0.016936157145630567,13,-9.8019395174485147e-05,0.45876816042561896,0.54123183957438104
cas,3301,future,overall,feature_advisory_speed,0.03929953208083007,12,-0.0003507111375850277,0.78841825250665032,0.21158174749334971
cas,3301,future,overall,feature_light,0.16882786319812607,4,-0.0010467168237562605,0.55944342132187441,0.44055657867812564
cas,3301,future,overall,feature_number_of_lanes,0.19389603719203602,2,0.0038817617888767522,0.81031307550644571,0.18968692449355432
cas,3301,future,overall,feature_road_character,0.032535425999093641,13,-0.00033081141209859795,0.85205647636586868,0.14794352363413138
cas,3301,future,overall,feature_road_lane,0.11677363034988693,7,-0.0020801838138784358,0.80315121751585838,0.19684878248414159
cas,3301,future,overall,feature_road_surface,0.010030455920086548,15,-2.2734333369588255e-05,0.29527317372621242,0.70472682627378758
cas,3301,future,overall,feature_speed_limit,0.25376083133651356,1,0.00098958665323202639,0.44649068958461224,0.55350931041538776
cas,3301,future,overall,feature_state_highway,0.089648391150533094,8,-0.0039287160549404641,0.28442807448332308,0.71557192551667692
cas,3301,future,overall,feature_street_light,0.12631886542585377,6,-0.0020175952840500865,0.50317167996726009,0.49682832003273991
cas,3301,future,overall,feature_temporary_speed_limit,0.055196368222031757,10,0.00049004433758328709,0.96746470227133208,0.032535297728667895
cas,3301,future,overall,feature_terrain,0.062100133889143011,9,0.00034540310675514464,0.39083282177204831,0.60916717822795174
cas,3301,future,overall,feature_traffic_control,0.17873197021758069,3,0.00029800237456174112,0.68221812973194185,0.3177818702680581
cas,3301,future,overall,feature_urban,0.051217418547091213,11,0.0029802845020710346,0.39594843462246776,0.60405156537753224
cas,3301,future,overall,feature_weather_primary,0.15313317189324874,5,0.0026177828876664307,0.80274196848782486,0.19725803151217516
cas,3301,future,overall,feature_weather_secondary,0.029080113272347261,14,1.1055231436366353e-05,0.41600163699611215,0.58399836300388785
cas,3301,internal,Fatal,feature_advisory_speed,0.058192381201304544,12,0.003209092268199426,0.93615715162676494,0.063842848373235117
cas,3301,internal,Fatal,feature_light,0.3070395815293635,4,-0.0064586492683045534,0.44444444444444442,0.55555555555555558
cas,3301,internal,Fatal,feature_number_of_lanes,0.44227775066490255,2,-0.010634582864547429,0.8035604665438919,0.19643953345610804
cas,3301,internal,Fatal,feature_road_character,0.053755989312019137,13,-0.00053810043470618643,0.90444035195416406,0.095559648045835888
cas,3301,internal,Fatal,feature_road_lane,0.21608868229610961,6,-0.014753753797041821,0.82504604051565378,0.17495395948434622
cas,3301,internal,Fatal,feature_road_surface,0.011360438828371814,15,-0.00030421182857997138,0.58543073460200534,0.41456926539799466
cas,3301,internal,Fatal,feature_speed_limit,0.46221237647686342,1,0.019758250278929017,0.42848373235113568,0.57151626764886432
cas,3301,internal,Fatal,feature_state_highway,0.13476287615784424,8,-0.0082851296050002066,0.34868017188459177,0.65131982811540823
cas,3301,internal,Fatal,feature_street_light,0.16183640888976727,7,-0.017953567110536736,0.53427460609781052,0.46572539390218948
cas,3301,internal,Fatal,feature_temporary_speed_limit,0.11453236434608763,9,-0.0080472767153299506,0.9609167178227952,0.039083282177204831
cas,3301,internal,Fatal,feature_terrain,0.089662877388405712,11,0.0042057701436558617,0.42480049109883367,0.57519950890116633
cas,3301,internal,Fatal,feature_traffic_control,0.38348622424215373,3,-0.01045109339728767,0.67505627174135463,0.32494372825864537
cas,3301,internal,Fatal,feature_urban,0.10295717574711825,10,0.0016160609622479511,0.41272764477184365,0.58727235522815635
cas,3301,internal,Fatal,feature_weather_primary,0.29482908695578613,5,-0.0076635408353270453,0.79373848987108653,0.20626151012891344
cas,3301,internal,Fatal,feature_weather_secondary,0.036387076515251776,14,-0.00049669281788109366,0.92531205238387559,0.074687947616124406
cas,3301,internal,Minor,feature_advisory_speed,0.032206721329630872,12,-0.003762934086128687,0.084305299774913037,0.91569470022508692
cas,3301,internal,Minor,feature_light,0.12177474102524836,4,-0.00048632682769834544,0.53468385512584404,0.4653161448741559
cas,3301,internal,Minor,feature_number_of_lanes,0.091667376438160045,7,0.0092119271876456091,0.24370779619398403,0.75629220380601592
cas,3301,internal,Minor,feature_road_character,0.029159707091881756,13,-7.484938958546167e-05,0.19030079803560468,0.80969920196439538
cas,3301,internal,Minor,feature_road_lane,0.096222798437546636,6,0.007552815717073883,0.17188459177409454,0.82811540822590546
cas,3301,internal,Minor,feature_road_surface,0.0064650784810690518,15,0.0010061803654848117,0.50542254962144462,0.49457745037855533
cas,3301,internal,Minor,feature_speed_limit,0.18914908382395632,1,-0.0077290503120055701,0.57560875792919997,0.42439124207080009
cas,3301,internal,Minor,feature_state_highway,0.04587277353718875,10,-0.0016992691485479684,0.56496828320032744,0.43503171679967262
cas,3301,internal,Minor,feature_street_light,0.13737647712650186,2,0.014441299151419704,0.61305504399427047,0.38694495600572948
cas,3301,internal,Minor,feature_temporary_speed_limit,0.046009873345501252,9,0.0031522137651629556,0.03887865766318805,0.9611213423368119
cas,3301,internal,Minor,feature_terrain,0.047555763526142866,8,0.0014378731412530313,0.57601800695723349,0.42398199304276651
cas,3301,internal,Minor,feature_traffic_control,0.12135865639722486,5,-0.0039424588108400568,0.28524657253939023,0.71475342746060977
cas,3301,internal,Minor,feature_urban,0.026312858167340265,14,0.0062381884117198236,0.58727235522815635,0.41272764477184365
cas,3301,internal,Minor,feature_weather_primary,0.12753550839613795,3,0.0053876920400041731,0.2017597708205443,0.7982402291794557
cas,3301,internal,Minor,feature_weather_secondary,0.032853624989196896,11,0.00078994155682351097,0.053816247186412931,0.94618375281358702
cas,3301,internal,Serious,feature_advisory_speed,0.022558189509082047,11,-0.0012509678134415923,0.35502353181911195,0.64497646818088805
cas,3301,internal,Serious,feature_light,0.096915664576072327,2,-0.0010568921523348609,0.50051156128504193,0.49948843871495807
cas,3301,internal,Serious,feature_number_of_lanes,0.067466168891358688,6,0.00012146124519196606,0.27133210558624921,0.72866789441375079
cas,3301,internal,Serious,feature_road_character,0.02149036522887449,12,0.00096804068635420934,0.45569879271536728,0.54430120728463272
cas,3301,internal,Serious,feature_road_lane,0.032490431344265436,9,0.00078778082483225694,0.42214037241661551,0.57785962758338449
cas,3301,internal,Serious,feature_road_surface,0.0089798922316805304,15,-0.0015208903565116757,0.17863720073664824,0.82136279926335176
cas,3301,internal,Serious,feature_speed_limit,0.10857223407210524,1,-0.0046934309413197489,0.53468385512584404,0.4653161448741559
cas,3301,internal,Serious,feature_state_highway,0.083113738126359235,3,-0.00041373266127612478,0.61428279107837114,0.38571720892162881
cas,3301,internal,Serious,feature_street_light,0.074729697244208332,4,0.0017529668506206537,0.46674851647227339,0.53325148352772667
cas,3301,internal,Serious,feature_temporary_speed_limit,0.018053350637838712,13,0.0011977789432633563,0.065275219971352563,0.93472478002864745
cas,3301,internal,Serious,feature_terrain,0.044471074870529696,8,0.0011793775616654157,0.48618784530386738,0.51381215469613262
cas,3301,internal,Serious,feature_traffic_control,0.073150642467964877,5,0.0025495535710546293,0.49519132392060566,0.50480867607939428
cas,3301,internal,Serious,feature_urban,0.026232070231135562,10,0.0039747793039438782,0.42602823818293434,0.57397176181706566
cas,3301,internal,Serious,feature_weather_primary,0.054042305763718504,7,0.00084395750861118366,0.30693677102516881,0.69306322897483119
cas,3301,internal,Serious,feature_weather_secondary,0.016832542606686408,14,0.00023949588851594801,0.44771843666871292,0.55228156333128708
cas,3301,internal,overall,feature_advisory_speed,0.037652430680005337,12,-0.00060160321045695084,0.80028647431962352,0.19971352568037651
cas,3301,internal,overall,feature_light,0.17524332904356077,4,-0.0026672894161125869,0.5457335788827502,0.45426642111724985
cas,3301,internal,overall,feature_number_of_lanes,0.20047043199814291,2,-0.00043373147723661679,0.79844485369347251,0.20155514630652752
cas,3301,internal,overall,feature_road_character,0.034802020544258516,13,0.00011836362068752017,0.84837323511356666,0.1516267648864334
cas,3301,internal,overall,feature_road_lane,0.11493397069263865,7,-0.0021377190850452275,0.79025987313280133,0.2097401268671987
cas,3301,internal,overall,feature_road_surface,0.0089351365137072709,15,-0.00027297393986894529,0.30223040720278288,0.69776959279721706
cas,3301,internal,overall,feature_speed_limit,0.25331123145764095,1,0.0024452563418678993,0.44833231021076325,0.55166768978923675
cas,3301,internal,overall,feature_state_highway,0.087916462607131887,8,-0.0034660438049414332,0.28872518927767549,0.71127481072232457
cas,3301,internal,overall,feature_street_light,0.12464752775349393,6,-0.00058643370283212629,0.50276243093922657,0.49723756906077349
cas,3301,internal,overall,feature_temporary_speed_limit,0.059531862776475042,10,-0.0012324280023012124,0.9609167178227952,0.039083282177204831
cas,3301,internal,overall,feature_terrain,0.06056323859502636,9,0.0022743402821914361,0.38571720892162881,0.61428279107837114
cas,3301,internal,overall,feature_traffic_control,0.1926651743691177,3,-0.0039479995456910329,0.66400654798444858,0.33599345201555147
cas,3301,internal,overall,feature_urban,0.051834034715197395,11,0.0039430095593038844,0.40720278289339062,0.59279721710660938
cas,3301,internal,overall,feature_weather_primary,0.15880230037187876,5,-0.00047729709557056259,0.78841825250665032,0.21158174749334971
cas,3301,internal,overall,feature_weather_secondary,0.028691081370378155,14,0.0001775815424861216,0.41477388991201147,0.58522611008798853
cas,4409,future,Fatal,feature_advisory_speed,0.05063684042427808,13,-0.0082169695270975455,0.78678125639451602,0.21321874360548393
cas,4409,future,Fatal,feature_light,0.20274177115227845,6,-0.040091109655359017,0.38223859218334355,0.61776140781665645
cas,4409,future,Fatal,feature_number_of_lanes,0.28933680703219178,5,-0.014751385190182193,0.78248414160016366,0.21751585839983631
cas,4409,future,Fatal,feature_road_character,0.066107519323481953,11,0.0066171551031557457,0.94045426642111729,0.059545733578882751
cas,4409,future,Fatal,feature_road_lane,0.37300092108461147,4,-0.013381247418849839,0.85492121956210354,0.14507878043789646
cas,4409,future,Fatal,feature_road_surface,0.018899659907266383,15,-0.00030606570405143841,0.68937998772252918,0.31062001227747082
cas,4409,future,Fatal,feature_speed_limit,0.47245007805083306,2,0.0097341562855468057,0.44833231021076325,0.55166768978923675
cas,4409,future,Fatal,feature_state_highway,0.11749988373162908,9,0.0050932531331732318,0.38039697155719254,0.61960302844280746
cas,4409,future,Fatal,feature_street_light,0.13372539492278079,8,-0.011206719965593555,0.39349294045426642,0.60650705954573358
cas,4409,future,Fatal,feature_temporary_speed_limit,0.19262625667057481,7,-0.014191362337774035,0.96459995907509721,0.035400040924902801
cas,4409,future,Fatal,feature_terrain,0.074239898539881347,10,-0.0069561372689353057,0.6474319623490894,0.3525680376509106
cas,4409,future,Fatal,feature_traffic_control,0.51216791085989977,1,0.039643366629845425,0.77573153263760997,0.22426846736239001
cas,4409,future,Fatal,feature_urban,0.051183628991748407,12,-0.0095083847809429144,0.38796807857581339,0.61203192142418661
cas,4409,future,Fatal,feature_weather_primary,0.38277993402810512,3,0.040522616670800683,0.80928995293636175,0.19071004706363823
cas,4409,future,Fatal,feature_weather_secondary,0.027802663079032449,14,0.0023131623379429415,0.80867607939431141,0.19132392060568856
cas,4409,future,Minor,feature_advisory_speed,0.019413211671807314,13,-0.0026242129832192377,0.59177409453652552,0.40822590546347454
cas,4409,future,Minor,feature_light,0.097043607588787356,5,-0.0013632744628700169,0.48107223245344793,0.51892776754655212
cas,4409,future,Minor,feature_number_of_lanes,0.054248167761669353,8,-0.0044775335412497773,0.28320032739922241,0.71679967260077759
cas,4409,future,Minor,feature_road_character,0.024470061592788622,12,1.905156843199317e-06,0.33578882750153466,0.66421117249846529
cas,4409,future,Minor,feature_road_lane,0.091713330265897605,6,0.00093970959973191978,0.13607530182115818,0.86392469817884188
cas,4409,future,Minor,feature_road_surface,0.006987198579609907,15,-0.0026309667477511316,0.30795989359525272,0.69204010640474733
cas,4409,future,Minor,feature_speed_limit,0.1624923327044949,1,0.0077235138191903974,0.56844689993861264,0.43155310006138736
cas,4409,future,Minor,feature_state_highway,0.059821337862204435,7,-0.0022844552118457132,0.65070595457335789,0.34929404542664211
cas,4409,future,Minor,feature_street_light,0.16048878916282433,2,0.019500557606659502,0.65786781256394511,0.34213218743605484
cas,4409,future,Minor,feature_temporary_speed_limit,0.028450996588572617,11,0.001259636604116342,0.035195416410886027,0.96480458358911403
cas,4409,future,Minor,feature_terrain,0.038742951085902214,10,0.0033318329634324743,0.60139144669531408,0.39860855330468592
cas,4409,future,Minor,feature_traffic_control,0.098198507731406981,4,-0.0099884196486556588,0.29854716595048086,0.70145283404951908
cas,4409,future,Minor,feature_urban,0.014300118599951348,14,0.0034399128315322335,0.68119500716185799,0.31880499283814201
cas,4409,future,Minor,feature_weather_primary,0.11066459016837173,3,-0.0049354824760161854,0.18211581747493349,0.81788418252506645
cas,4409,future,Minor,feature_weather_secondary,0.047369631681286772,9,-0.0016661549251985139,0.043585021485573971,0.95641497851442603
cas,4409,future,Serious,feature_advisory_speed,0.021067257093328639,10,0.0027073321151699506,0.85942295887047271,0.14057704112952732
cas,4409,future,Serious,feature_light,0.064355160730244484,3,0.0067517913390321678,0.53979946797626355,0.46020053202373645
cas,4409,future,Serious,feature_number_of_lanes,0.053510736448577227,4,-0.0051627332114709936,0.20135052179251076,0.79864947820748922
cas,4409,future,Serious,feature_road_character,0.01489143098560578,13,0.0041634015555629105,0.70738694495600574,0.29261305504399426
cas,4409,future,Serious,feature_road_lane,0.015462409134437385,12,-0.0030607257151350833,0.22181297319418866,0.77818702680581131
cas,4409,future,Serious,feature_road_surface,0.0092579170702414282,15,0.0021605412608512358,0.58911397585430736,0.41088602414569264
cas,4409,future,Serious,feature_speed_limit,0.094968161492522463,1,0.0051669742132725129,0.55166768978923675,0.44833231021076325
cas,4409,future,Serious,feature_state_highway,0.072716710836826376,2,-0.00045165298083805089,0.66932678534888479,0.33067321465111521
cas,4409,future,Serious,feature_street_light,0.043141920861957721,8,-0.0059806528849869322,0.39349294045426642,0.60650705954573358
cas,4409,future,Serious,feature_temporary_speed_limit,0.016784062857947823,11,0.00016327888697797085,0.049519132392060572,0.95048086760793948
cas,4409,future,Serious,feature_terrain,0.049396770763829756,6,0.0018381943105083044,0.28933906281972582,0.71066093718027423
cas,4409,future,Serious,feature_traffic_control,0.050573109301006322,5,0.014119905321421836,0.53468385512584404,0.4653161448741559
cas,4409,future,Serious,feature_urban,0.01319667894485093,14,0.0017397710497635507,0.47657049314507877,0.52342950685492118
cas,4409,future,Serious,feature_weather_primary,0.048372671735143126,7,-0.0024071579491008596,0.31675874769797424,0.68324125230202581
cas,4409,future,Serious,feature_weather_secondary,0.027291798231677499,9,-0.0010514811153574364,0.15837937384898712,0.84162062615101285
cas,4409,future,overall,feature_advisory_speed,0.030372436396470776,13,-0.0027112834650489439,0.80151422140372419,0.19848577859627584
cas,4409,future,overall,feature_light,0.12138017982376938,6,-0.011567530926398957,0.45181092694904851,0.54818907305095155
cas,4409,future,overall,feature_number_of_lanes,0.1323652370808123,5,-0.0081305506476343214,0.75219971352568038,0.24780028647431962
cas,4409,future,overall,feature_road_character,0.035156337300625472,11,0.0035941539385206185,0.90710047063638222,0.092899529363617755
cas,4409,future,overall,feature_road_lane,0.16005888682831551,4,-0.0051674211780843339,0.84775936157151621,0.15224063842848373
cas,4409,future,overall,feature_road_surface,0.011714925185705919,15,-0.0002588303969837783,0.80028647431962352,0.19971352568037651
cas,4409,future,overall,feature_speed_limit,0.24330352408261965,1,0.0075415481060032387,0.49294045426642114,0.50705954573357892
cas,4409,future,overall,feature_state_highway,0.083345977476885449,8,0.00078571498016315525,0.64272559852670352,0.35727440147329648
cas,4409,future,overall,feature_street_light,0.11245203498252128,7,0.000771061585359674,0.5015346838551259,0.49846531614487416
cas,4409,future,overall,feature_temporary_speed_limit,0.079287105372364691,9,-0.0042561489488932404,0.9660323306732147,0.033967669326785348
cas,4409,future,overall,feature_terrain,0.054126540129870046,10,-0.00059536999833150893,0.57847350112543483,0.42152649887456517
cas,4409,future,overall,feature_traffic_control,0.22031317596410302,2,0.014591617434203867,0.85226110087988538,0.14773889912011459
cas,4409,future,overall,feature_urban,0.026226808845516796,14,-0.0014429002998823765,0.39819930427665234,0.60180069572334771
cas,4409,future,overall,feature_weather_primary,0.18060573197720736,3,0.011059992081894544,0.80540208717004302,0.19459791282995703
cas,4409,future,overall,feature_weather_secondary,0.034154697663998743,12,-0.00013482456753766966,0.055862492326580727,0.94413750767341931
cas,4409,internal,Fatal,feature_advisory_speed,0.044076968236649444,13,-0.00047321192299119781,0.78350726417024763,0.2164927358297524
cas,4409,internal,Fatal,feature_light,0.19844241975967755,6,-0.026087724785599505,0.40392879066912218,0.59607120933087787
cas,4409,internal,Fatal,feature_number_of_lanes,0.29434804022148003,5,-0.033619842612155032,0.76304481276856972,0.23695518723143033
cas,4409,internal,Fatal,feature_road_character,0.067583579388016193,11,0.0044359520126894059,0.93574790259873131,0.064252097401268665
cas,4409,internal,Fatal,feature_road_lane,0.3659449981469669,4,-0.0032158796874092953,0.85389809699201968,0.14610190300798034
cas,4409,internal,Fatal,feature_road_surface,0.018560712677818208,15,0.00033726230150804077,0.68201350521792514,0.31798649478207491
cas,4409,internal,Fatal,feature_speed_limit,0.46761003234216564,2,0.019829110806813127,0.44853693472478001,0.55146306527521993
cas,4409,internal,Fatal,feature_state_highway,0.11494471912722157,9,0.006021024349533252,0.3898096992019644,0.6101903007980356
cas,4409,internal,Fatal,feature_street_light,0.13337418552943545,8,-0.010470748713792109,0.40658890935134029,0.59341109064865971
cas,4409,internal,Fatal,feature_temporary_speed_limit,0.19139932646788063,7,-0.013402746677354532,0.96337221199099654,0.03662778800900348
cas,4409,internal,Fatal,feature_terrain,0.075990948576544412,10,-0.0010304456690309919,0.66502967055453244,0.33497032944546756
cas,4409,internal,Fatal,feature_traffic_control,0.55676502627632751,1,-0.017111443775943418,0.7524043380396972,0.24759566196030283
cas,4409,internal,Fatal,feature_urban,0.053029218175827793,12,-0.0067957688368472649,0.39226519337016574,0.60773480662983426
cas,4409,internal,Fatal,feature_weather_primary,0.37857954317699821,3,0.040776785736871275,0.80110497237569056,0.19889502762430938
cas,4409,internal,Fatal,feature_weather_secondary,0.025045271652945424,14,0.0031641683692292823,0.80888070390832822,0.19111929609167178
cas,4409,internal,Minor,feature_advisory_speed,0.019075638071586621,13,-0.0045484429580370314,0.58481686105995501,0.41518313894004499
cas,4409,internal,Minor,feature_light,0.10158355486862375,5,-0.0042609569449432545,0.47247800286474317,0.52752199713525683
cas,4409,internal,Minor,feature_number_of_lanes,0.055722496890461062,8,-0.003090507327469667,0.28933906281972582,0.71066093718027423
cas,4409,internal,Minor,feature_road_character,0.026260435295269786,12,-0.00072900449379484302,0.34908942091262535,0.65091057908737471
cas,4409,internal,Minor,feature_road_lane,0.088510060416387593,6,-0.0023969154210659715,0.13280130959688971,0.86719869040311026
cas,4409,internal,Minor,feature_road_surface,0.0073693158495932434,15,-0.0031728683942275184,0.3059136484550849,0.69408635154491505
cas,4409,internal,Minor,feature_speed_limit,0.16225582140423572,1,0.0084775497204988629,0.5713116431348475,0.42868835686515244
cas,4409,internal,Minor,feature_state_highway,0.057755765780757341,7,-0.0024885548595735682,0.64886433394720688,0.35113566605279312
cas,4409,internal,Minor,feature_street_light,0.15837511096543366,2,0.020450822631736299,0.67178227951708613,0.32821772048291387
cas,4409,internal,Minor,feature_temporary_speed_limit,0.029797807997162421,11,0.0030507702002101566,0.037037037037037035,0.96296296296296291
cas,4409,internal,Minor,feature_terrain,0.038181095109191918,10,0.0017304737018993572,0.57888275015346835,0.42111724984653159
cas,4409,internal,Minor,feature_traffic_control,0.10600490945310333,4,0.0012551458256244404,0.32187436054839369,0.67812563945160631
cas,4409,internal,Minor,feature_urban,0.014619672255579984,14,0.0039026698613271343,0.70124820953550238,0.29875179046449762
cas,4409,internal,Minor,feature_weather_primary,0.11051168962926973,3,-0.0041391027380298217,0.18948229997953756,0.81051770002046242
cas,4409,internal,Minor,feature_weather_secondary,0.044175442512787121,9,-0.0047821638982194397,0.038060159607120933,0.96193984039287905
cas,4409,internal,Serious,feature_advisory_speed,0.020281089522520383,10,0.0023514275763160944,0.85839983630038874,0.1416001636996112
cas,4409,internal,Serious,feature_light,0.063385202967709067,3,0.0010816702184336059,0.49723756906077349,0.50276243093922657
cas,4409,internal,Serious,feature_number_of_lanes,0.054210322549381462,5,-0.0010445348663192474,0.22651933701657459,0.77348066298342544
cas,4409,internal,Serious,feature_road_character,0.015290340647359147,12,0.0032847707853240304,0.68549212195621034,0.31450787804378966
cas,4409,internal,Serious,feature_road_lane,0.01513638924294511,13,-0.0031250306253076108,0.22058522611008799,0.77941477388991198
cas,4409,internal,Serious,feature_road_surface,0.009183281384429377,15,0.0021277077079232647,0.61121342336811946,0.38878657663188049
cas,4409,internal,Serious,feature_speed_limit,0.094668054202241392,1,0.002737349360729491,0.54634745242480054,0.45365254757519952
cas,4409,internal,Serious,feature_state_highway,0.070606627003062347,2,0.00028702977176453933,0.67260077757315329,0.32739922242684671
cas,4409,internal,Serious,feature_street_light,0.042731531852965451,8,-0.0071274492833695241,0.38448946183752813,0.61551053816247181
cas,4409,internal,Serious,feature_temporary_speed_limit,0.017654172262698199,11,0.0011982946468767806,0.053816247186412931,0.94618375281358702
cas,4409,internal,Serious,feature_terrain,0.048604395890642554,6,0.00096427524496450333,0.29220380601596069,0.70779619398403926
cas,4409,internal,Serious,feature_traffic_control,0.058989910342868997,4,0.0040178603709165525,0.52772662164927353,0.47227337835072641
cas,4409,internal,Serious,feature_urban,0.01328299691718908,14,0.0011673874712259575,0.46899938612645797,0.53100061387354203
cas,4409,internal,Serious,feature_weather_primary,0.046764556634536991,7,-0.0032854171620047899,0.33128708819316555,0.66871291180683445
cas,4409,internal,Serious,feature_weather_secondary,0.024399347677191562,9,-0.0040242456010308649,0.15592387968078575,0.8440761203192142
cas,4409,internal,overall,feature_advisory_speed,0.02781123194358525,13,-0.00089007576823737871,0.80376509105790872,0.19623490894209125
cas,4409,internal,overall,feature_light,0.12113705919866999,6,-0.0097556705040363831,0.46101903007980355,0.5389809699201964
cas,4409,internal,overall,feature_number_of_lanes,0.13476028655377367,5,-0.012584961601981318,0.74524248004910987,0.25475751995089013
cas,4409,internal,overall,feature_road_character,0.036378118443548255,11,0.0023305727680728639,0.89277675465520767,0.1072232453447923
cas,4409,internal,overall,feature_road_lane,0.15653048260210053,4,-0.0029126085779276252,0.84755473705749951,0.15244526294250052
cas,4409,internal,overall,feature_road_surface,0.011704436637280274,15,-0.00023596612826540434,0.8033558420298752,0.19664415797012483
cas,4409,internal,overall,feature_speed_limit,0.24151130264954845,1,0.010348003296013826,0.49539594843462248,0.50460405156537758
cas,4409,internal,overall,feature_state_highway,0.081102370637013033,8,0.0012731664205747407,0.65172907714344175,0.3482709228565582
cas,4409,internal,overall,feature_street_light,0.11149360944927769,7,0.00095087487819155712,0.50358092899529361,0.49641907100470639
cas,4409,internal,overall,feature_temporary_speed_limit,0.079617102242579896,9,-0.003051227276755864,0.96541845713116436,0.034581542868835684
cas,4409,internal,overall,feature_terrain,0.054258813192125478,10,0.00055476775927762294,0.5762226314712503,0.42377736852874975
cas,4409,internal,overall,feature_traffic_control,0.24058661535743234,2,-0.0039461458598008094,0.8270922856558216,0.17290771434417843
cas,4409,internal,overall,feature_urban,0.026977295782865396,14,-0.00057523716809805721,0.40822590546347454,0.59177409453652552
cas,4409,internal,overall,feature_weather_primary,0.17861859648026918,3,0.011117421945612221,0.80069572334765704,0.19930427665234296
cas,4409,internal,overall,feature_weather_secondary,0.031206687280974529,12,-0.001880747043340341,0.05504399427051361,0.94495600572948635
cas,5501,future,Fatal,feature_advisory_speed,0.066591010708179688,12,-0.014309542742036338,0.75342746060978105,0.24657253939021895
cas,5501,future,Fatal,feature_light,0.29663395690800037,6,-0.028853517341426108,0.40454266421117252,0.59545733578882754
cas,5501,future,Fatal,feature_number_of_lanes,0.40955221457445046,3,0.029330184067494779,0.80090034786167386,0.19909965213832617
cas,5501,future,Fatal,feature_road_character,0.089671482186899465,11,0.012161624967999701,0.92531205238387559,0.074687947616124406
cas,5501,future,Fatal,feature_road_lane,0.31891697414489062,4,-0.032897124809414799,0.82484141600163696,0.17515858399836301
cas,5501,future,Fatal,feature_road_surface,0.020551508677191459,15,-0.0031578643699612082,0.3042766523429507,0.69572334765704935
cas,5501,future,Fatal,feature_speed_limit,0.47111189194927416,1,-0.047771856096964098,0.41620626151012891,0.58379373848987104
cas,5501,future,Fatal,feature_state_highway,0.15281122942108227,9,0.010033824503292692,0.41538776345406181,0.58461223654593819
cas,5501,future,Fatal,feature_street_light,0.15719728103706856,8,0.024367641081804968,0.60220994475138123,0.39779005524861877
cas,5501,future,Fatal,feature_temporary_speed_limit,0.19391550945066738,7,-0.0081616155907072892,0.96255371393492939,0.037446286065070597
cas,5501,future,Fatal,feature_terrain,0.10384238538065561,10,-0.0082299463661137714,0.5289543687333742,0.47104563126662574
cas,5501,future,Fatal,feature_traffic_control,0.43216131130640284,2,0.040963843788302201,0.69040311029261303,0.30959688970738697
cas,5501,future,Fatal,feature_urban,0.040615539520369157,14,0.0027055227991764456,0.51872314303253531,0.48127685696746469
cas,5501,future,Fatal,feature_weather_primary,0.30589418551706438,5,0.014388709989797561,0.79025987313280133,0.2097401268671987
cas,5501,future,Fatal,feature_weather_secondary,0.064685702696376482,13,0.0010302988696669693,0.88397790055248615,0.11602209944751381
cas,5501,future,Minor,feature_advisory_speed,0.039831635000128554,11,-0.00044929800032828795,0.14917127071823205,0.850828729281768
cas,5501,future,Minor,feature_light,0.13270571294556793,4,0.009976790309953909,0.58870472682627384,0.41129527317372622
cas,5501,future,Minor,feature_number_of_lanes,0.076917546119320654,7,-0.0037221433347389404,0.23470431757724575,0.76529568242275425
cas,5501,future,Minor,feature_road_character,0.036613152967963962,13,0.0003011545970127328,0.26417024759566193,0.73582975240433801
cas,5501,future,Minor,feature_road_lane,0.12400944259396254,6,-0.0067278232072098499,0.15264988745651728,0.84735011254348269
cas,5501,future,Minor,feature_road_surface,0.017559284194782629,15,9.9230349861196759e-05,0.34397380806220584,0.6560261919377941
cas,5501,future,Minor,feature_speed_limit,0.20965171678961769,1,0.033131432664239222,0.63760998567628402,0.36239001432371598
cas,5501,future,Minor,feature_state_highway,0.053175678879906388,9,-0.0020051297120296228,0.51278903212604865,0.4872109678739513
cas,5501,future,Minor,feature_street_light,0.17741973620200086,2,0.011599477812731133,0.62492326580724367,0.37507673419275628
cas,5501,future,Minor,feature_temporary_speed_limit,0.041626164187510466,10,-0.00021898959436292392,0.040106404747288722,0.95989359525271123
cas,5501,future,Minor,feature_terrain,0.061817101655755984,8,0.0032095982160055925,0.37384898710865561,0.62615101289134434
cas,5501,future,Minor,feature_traffic_control,0.13651661592493747,3,-0.026158223521826524,0.30714139553918557,0.69285860446081438
cas,5501,future,Minor,feature_urban,0.026682256199426081,14,0.0029059043300854086,0.4262328626969511,0.57376713730304896
cas,5501,future,Minor,feature_weather_primary,0.13061166868270796,5,-0.0076063673678970741,0.17966032330673215,0.82033967669326791
cas,5501,future,Minor,feature_weather_secondary,0.037782212085238971,12,-0.0014312784070019163,0.10660937180274196,0.89339062819725801
cas,5501,future,Serious,feature_advisory_speed,0.031591331014478155,12,0.0030672548581049206,0.32535297728667895,0.67464702271332111
cas,5501,future,Serious,feature_light,0.090010230377063738,3,0.0090430612572463299,0.57008389605074683,0.42991610394925311
cas,5501,future,Serious,feature_number_of_lanes,0.059854746555104282,7,0.0017521786147298153,0.45283404951913236,0.54716595048086758
cas,5501,future,Serious,feature_road_character,0.03429697327647379,11,0.0027636511164895214,0.41456926539799466,0.58543073460200534
cas,5501,future,Serious,feature_road_lane,0.038014816489173368,10,0.00046020961550356657,0.36177614078166564,0.63822385921833436
cas,5501,future,Serious,feature_road_surface,0.017023441830644279,15,-0.00097054156425653018,0.19746265602619192,0.80253734397380805
cas,5501,future,Serious,feature_speed_limit,0.15749159466853882,1,0.0099536661083958859,0.5457335788827502,0.45426642111724985
cas,5501,future,Serious,feature_state_highway,0.067378359343813629,6,-0.00075654283576941398,0.55862492326580726,0.44137507673419274
cas,5501,future,Serious,feature_street_light,0.084422994945444627,4,-0.010066647351831602,0.42561898915490076,0.57438101084509929
cas,5501,future,Serious,feature_temporary_speed_limit,0.024943606423492866,13,5.6671631356505291e-05,0.075711070186208304,0.92428892981379174
cas,5501,future,Serious,feature_terrain,0.072134701362437617,5,-0.0012428419312299555,0.29425005115612851,0.70574994884387154
cas,5501,future,Serious,feature_traffic_control,0.094266093667878248,2,0.0039970963061999243,0.40270104358502151,0.59729895641497854
cas,5501,future,Serious,feature_urban,0.045824032878766061,9,0.0005767061952402701,0.39635768365050134,0.60364231634949872
cas,5501,future,Serious,feature_weather_primary,0.053722158216395019,8,0.0046304416300563611,0.46920401064047473,0.53079598935952532
cas,5501,future,Serious,feature_weather_secondary,0.022487188636383906,14,0.002073757973483025,0.33803969715571924,0.66196030284428076
cas,5501,future,overall,feature_advisory_speed,0.046004658907595156,12,-0.0038971952947532348,0.41416001636996114,0.58583998363003886
cas,5501,future,overall,feature_light,0.17311663341020828,4,-0.0032778885914086218,0.46981788418252507,0.53018211581747499
cas,5501,future,overall,feature_number_of_lanes,0.18210816908295785,3,0.009120073115828551,0.80396971557192554,0.19603028442807449
cas,5501,future,overall,feature_road_character,0.053527202810446227,11,0.0050754768938339849,0.92347043175772459,0.076529568242275428
cas,5501,future,overall,feature_road_lane,0.1603137444093409,6,-0.013054912800373693,0.74155923879680785,0.25844076120319215
cas,5501,future,overall,feature_road_surface,0.018378078234206396,15,-0.0013430585281188473,0.15612850419480254,0.84387149580519749
cas,5501,future,overall,feature_speed_limit,0.27941840113580885,1,-0.0015622524414429936,0.48475547370574995,0.5152445262942501
cas,5501,future,overall,feature_state_highway,0.091121755881601443,8,0.002424050651831218,0.49130345815428689,0.50869654184571311
cas,5501,future,overall,feature_street_light,0.13968000406150458,7,0.0086334905142348324,0.62001227747084098,0.37998772252915897
cas,5501,future,overall,feature_temporary_speed_limit,0.086828426687224319,9,-0.0027746445179045701,0.9627583384489462,0.037241661551053816
cas,5501,future,overall,feature_terrain,0.07926472946628324,10,-0.0020877300271127121,0.35768365050133005,0.64231634949866989
cas,5501,future,overall,feature_traffic_control,0.22098134029974056,2,0.0062675721908918656,0.67935338653570698,0.32064661346429302
cas,5501,future,overall,feature_urban,0.03770727619952071,14,0.0020627111081673749,0.42848373235113568,0.57151626764886432
cas,5501,future,overall,feature_weather_primary,0.16340933747205108,5,0.0038042614173189487,0.77573153263760997,0.22426846736239001
cas,5501,future,overall,feature_weather_secondary,0.041651701139333072,13,0.00055759281204935916,0.66625741763863311,0.33374258236136689
cas,5501,internal,Fatal,feature_advisory_speed,0.06632953653339714,13,-0.0097965300938053224,0.76836505013300593,0.23163494986699407
cas,5501,internal,Fatal,feature_light,0.30643714758994639,5,-0.01433189904786533,0.43666871291180681,0.56333128708819313
cas,5501,internal,Fatal,feature_number_of_lanes,0.41788160338647723,3,0.013736279440047421,0.78944137507673418,0.2105586249232658
cas,5501,internal,Fatal,feature_road_character,0.098093349304998911,11,0.0034614982158067045,0.92326580724370777,0.076734192756292202
cas,5501,internal,Fatal,feature_road_lane,0.30531966395625371,6,-0.020865071836420151,0.83364027010435848,0.16635972989564149
cas,5501,internal,Fatal,feature_road_surface,0.016738679732140497,15,-0.0047143626708091302,0.2924084305299775,0.70759156947002255
cas,5501,internal,Fatal,feature_speed_limit,0.44959691704322163,2,-0.013481572760527251,0.43953345610804173,0.56046654389195827
cas,5501,internal,Fatal,feature_state_highway,0.15226680820554619,8,0.012157492793659835,0.42357274401473294,0.57642725598526701
cas,5501,internal,Fatal,feature_street_light,0.14944255663252939,9,0.029793481563757229,0.6050746879476161,0.39492531205238385
cas,5501,internal,Fatal,feature_temporary_speed_limit,0.18416127412014804,7,0.0027577287254906741,0.96541845713116436,0.034581542868835684
cas,5501,internal,Fatal,feature_terrain,0.1019129170946276,10,-0.0065107377607545938,0.54266421117249841,0.45733578882750153
cas,5501,internal,Fatal,feature_traffic_control,0.45372683290860566,1,0.005895225729879848,0.68078575813382447,0.31921424186617559
cas,5501,internal,Fatal,feature_urban,0.039980791378795698,14,0.0042811015143061825,0.51115203601391446,0.48884796398608554
cas,5501,internal,Fatal,feature_weather_primary,0.30822387850773769,4,0.0097126208895271498,0.78064252097401265,0.21935747902598732
cas,5501,internal,Fatal,feature_weather_secondary,0.066522801344603422,12,-0.00019038369713802244,0.88868426437487213,0.11131573562512789
cas,5501,internal,Minor,feature_advisory_speed,0.039281372240576318,12,-0.0032428544521846494,0.1368937998772253,0.86310620012277472
cas,5501,internal,Minor,feature_light,0.13553021836970172,5,0.0024150626221446105,0.57294863924698181,0.42705136075301819
cas,5501,internal,Minor,feature_number_of_lanes,0.07912407471890795,7,-0.00023621727757568031,0.24288929813791693,0.75711070186208307
cas,5501,internal,Minor,feature_road_character,0.03953222918215004,11,0.0039177503634412756,0.27358297524043379,0.72641702475956615
cas,5501,internal,Minor,feature_road_lane,0.11712786021344261,6,-0.012611407966519392,0.14016779210149377,0.85983220789850623
cas,5501,internal,Minor,feature_road_surface,0.015155159179858393,15,-0.00076696437569630748,0.34295068549212193,0.65704931450787807
cas,5501,internal,Minor,feature_speed_limit,0.20237332285829324,1,0.022634833104741323,0.6220585226110088,0.3779414773889912
cas,5501,internal,Minor,feature_state_highway,0.053539991337877728,9,-0.00081631207934009897,0.51831389400450179,0.48168610599549827
cas,5501,internal,Minor,feature_street_light,0.17473012088148671,2,0.012040759735758754,0.62983425414364635,0.37016574585635359
cas,5501,internal,Minor,feature_temporary_speed_limit,0.04248103988387518,10,0.00046715892590206809,0.034786167382852465,0.96521383261714755
cas,5501,internal,Minor,feature_terrain,0.059846070687840335,8,-0.00058002633897793197,0.36873337425823616,0.63126662574176384
cas,5501,internal,Minor,feature_traffic_control,0.14904331637782173,3,-0.0077672068199029992,0.31860036832412525,0.68139963167587481
cas,5501,internal,Minor,feature_urban,0.026231621299620034,14,0.0026764952592528094,0.42746060978105177,0.57253939021894829
cas,5501,internal,Minor,feature_weather_primary,0.1361363243789625,4,-0.0014913105894402328,0.19234704317577245,0.80765295682422755
cas,5501,internal,Minor,feature_weather_secondary,0.03899919183354493,13,-0.00087207977967225102,0.10026601186822182,0.89973398813177818
cas,5501,internal,Serious,feature_advisory_speed,0.031009300401566499,12,0.0010844526718639662,0.30795989359525272,0.69204010640474733
cas,5501,internal,Serious,feature_light,0.087320016141415047,3,0.0082914817259333098,0.55821567423777374,0.44178432576222632
cas,5501,internal,Serious,feature_number_of_lanes,0.061132125269311922,7,0.0013299419670171912,0.46552076938817272,0.53447923061182734
cas,5501,internal,Serious,feature_road_character,0.040565127703051068,10,0.0055644212774299869,0.40965827706159197,0.59034172293840803
cas,5501,internal,Serious,feature_road_lane,0.036625668899230579,11,0.0013598160989511164,0.3525680376509106,0.6474319623490894
cas,5501,internal,Serious,feature_road_surface,0.015206868822610053,15,-0.0020270325117554629,0.2058522611008799,0.79414773889912016
cas,5501,internal,Serious,feature_speed_limit,0.15888278739689476,1,0.0048993667867294945,0.55003069367710256,0.4499693063228975
cas,5501,internal,Serious,feature_state_highway,0.066761997032675713,6,-0.0021623911300926394,0.53816247186412935,0.4618375281358707
cas,5501,internal,Serious,feature_street_light,0.084288019485473251,4,-0.01243453845388709,0.41866175567833025,0.58133824432166969
cas,5501,internal,Serious,feature_temporary_speed_limit,0.023224326251407051,13,-0.00095090703370089371,0.07325557601800696,0.92674442398199308
cas,5501,internal,Serious,feature_terrain,0.071976266139188838,5,-0.00028769947601242992,0.29629629629629628,0.70370370370370372
cas,5501,internal,Serious,feature_traffic_control,0.097789587046667167,2,0.0031567702358204545,0.3865357069776959,0.6134642930223041
cas,5501,internal,Serious,feature_urban,0.04448918287134157,9,-0.001780498128358263,0.39533456108041742,0.60466543891958258
cas,5501,internal,Serious,feature_weather_primary,0.055683701717946482,8,0.0042147659086851363,0.46204215264988746,0.53795784735011254
cas,5501,internal,Serious,feature_weather_secondary,0.022132191180198449,14,-0.0013785706236016948,0.35461428279107837,0.64538571720892168
cas,5501,internal,overall,feature_advisory_speed,0.045540069725179676,12,-0.0039849772913753351,0.42459586658481685,0.57540413341518315
cas,5501,internal,overall,feature_light,0.17642912736701818,4,-0.0012084515665958028,0.49028033558420298,0.50971966441579697
cas,5501,internal,overall,feature_number_of_lanes,0.18604593445823175,3,0.0049433347098296436,0.79230611827296915,0.2076938817270309
cas,5501,internal,overall,feature_road_character,0.059396902063401202,11,0.0043145566188926556,0.91753632085123793,0.082463679148762029
cas,5501,internal,overall,feature_road_lane,0.15302439768964132,6,-0.010705554567996139,0.74421935747902601,0.25578064252097399
cas,5501,internal,overall,feature_road_surface,0.015700235911536603,15,-0.0025027865194203001,0.16083486801718846,0.83916513198281151
cas,5501,internal,overall,feature_speed_limit,0.27028434243279975,1,0.0046842090436478561,0.50460405156537758,0.49539594843462248
cas,5501,internal,overall,feature_state_highway,0.090856265525367588,8,0.0030595965280756986,0.48455084919173319,0.51544915080826681
cas,5501,internal,overall,feature_street_light,0.13615356566649758,7,0.0097999009485429632,0.62860650705954568,0.37139349294045426
cas,5501,internal,overall,feature_temporary_speed_limit,0.08328888008514343,9,0.00075799353923061653,0.96644157970124822,0.033558420298751793
cas,5501,internal,overall,feature_terrain,0.077911751307219196,10,-0.0024594878585816522,0.35727440147329648,0.64272559852670352
cas,5501,internal,overall,feature_traffic_control,0.23351991211103332,2,0.00042826304859910116,0.66912216083486797,0.33087783916513197
cas,5501,internal,overall,feature_urban,0.036900531849919177,14,0.001725699548400243,0.42193574790259875,0.57806425209740131
cas,5501,internal,overall,feature_weather_primary,0.16668130153487756,5,0.0041453587362573503,0.77266216492735829,0.22733783507264171
cas,5501,internal,overall,feature_weather_secondary,0.042551394786115714,13,-0.00081367803347065591,0.65889093513402908,0.34110906486597092
