accident_index,accident_year,accident_ref_no,police_force,vehicle_reference,casualty_reference,variable,previously_published_value,replacement_value,effective_date_of_change
199850A310813,1998,50A310813,50,NULL,NULL,local_authority_district,594,599,28/09/2022
199850A312758,1998,50A312758,50,NULL,NULL,local_authority_district,594,599,28/09/2022
199550A310702,1995,50A310702,50,NULL,NULL,local_authority_district,594,599,28/09/2022
199850A313668,1998,50A313668,50,NULL,NULL,local_authority_district,594,599,28/09/2022
200750A31J111,2007,50A31J111,50,NULL,NULL,local_authority_district,594,599,28/09/2022
200750A31J328,2007,50A31J328,50,NULL,NULL,local_authority_district,594,599,28/09/2022
200850AS2A015,2008,50AS2A015,50,NULL,NULL,local_authority_district,594,599,28/09/2022
200650A31J350,2006,50A31J350,50,NULL,NULL,local_authority_district,594,599,28/09/2022
200650A31G654,2006,50A31G654,50,NULL,NULL,local_authority_district,594,599,28/09/2022
199850A312758,1998,50A312758,50,NULL,NULL,location_northing_osgr,97000,0,28/09/2022
200050A314258,2000,50A314258,50,NULL,NULL,local_authority_ons_district,E07000023,E06000053,28/09/2022
200050A312546,2000,50A312546,50,NULL,NULL,local_authority_ons_district,E07000023,E06000053,28/09/2022
200050A311645,2000,50A311645,50,NULL,NULL,local_authority_ons_district,E07000023,E06000053,28/09/2022
200050A314753,2000,50A314753,50,NULL,NULL,local_authority_ons_district,E07000023,E06000053,28/09/2022
200550A31B402,2005,50A31B402,50,NULL,NULL,local_authority_ons_district,E07000023,E06000053,28/09/2022
199550A310702,1995,50A310702,50,NULL,NULL,local_authority_ons_district,E07000023,E06000053,28/09/2022
200550A31A407,2005,50A31A407,50,NULL,NULL,local_authority_ons_district,E07000023,E06000053,28/09/2022
199850A313668,1998,50A313668,50,NULL,NULL,local_authority_ons_district,E07000023,E06000053,28/09/2022
200750A31J111,2007,50A31J111,50,NULL,NULL,local_authority_ons_district,E07000023,E06000053,28/09/2022
200750A31J328,2007,50A31J328,50,NULL,NULL,local_authority_ons_district,E07000023,E06000053,28/09/2022
200950AS2A001,2009,50AS2A001,50,NULL,NULL,local_authority_district,596,599,28/09/2022
200950AS2A002,2009,50AS2A002,50,NULL,NULL,local_authority_district,596,599,28/09/2022
200950AS2A003,2009,50AS2A003,50,NULL,NULL,local_authority_district,596,599,28/09/2022
201250AS2A002,2012,50AS2A002,50,NULL,NULL,local_authority_district,596,599,28/09/2022
2.0175E+12,2017,500252112,50,NULL,NULL,local_authority_district,596,599,28/09/2022
201450AS2A002,2014,50AS2A002,50,NULL,NULL,local_authority_district,596,599,28/09/2022
201050AS2A001,2010,50AS2A001,50,NULL,NULL,local_authority_district,596,599,28/09/2022
201250AS2A001,2012,50AS2A001,50,NULL,NULL,local_authority_district,596,599,28/09/2022
201650AS2A001,2016,50AS2A001,50,NULL,NULL,local_authority_district,596,599,28/09/2022
201350JC3O006,2013,50JC3O006,50,NULL,NULL,local_authority_district,596,599,28/09/2022
2.0185E+12,2018,500800262,50,NULL,NULL,local_authority_district,596,599,28/09/2022
201350AS2A002,2013,50AS2A002,50,NULL,NULL,local_authority_district,596,599,28/09/2022
201350AS2A001,2013,50AS2A001,50,NULL,NULL,local_authority_district,596,599,28/09/2022
2.0185E+12,2018,500296528,50,NULL,NULL,local_authority_district,596,599,28/09/2022
201150AS2A001,2011,50AS2A001,50,NULL,NULL,local_authority_district,596,599,28/09/2022
201450AS2A001,2014,50AS2A001,50,NULL,NULL,local_authority_district,596,599,28/09/2022
201550AS2A001,2015,50AS2A001,50,NULL,NULL,local_authority_district,596,599,28/09/2022
2.0195E+12,2019,500926378,50,NULL,NULL,local_authority_district,596,599,28/09/2022
200850AS2A015,2008,50AS2A015,50,NULL,NULL,local_authority_ons_district,E07000023,E06000053,28/09/2022
200250A312327,2002,50A312327,50,NULL,NULL,local_authority_ons_district,E07000023,E06000053,28/09/2022
200250A313132,2002,50A313132,50,NULL,NULL,local_authority_ons_district,E07000023,E06000053,28/09/2022
200250A312072,2002,50A312072,50,NULL,NULL,local_authority_ons_district,E07000023,E06000053,28/09/2022
200250A313132,2002,50A313132,50,NULL,NULL,local_authority_district,594,599,28/09/2022
200250A312072,2002,50A312072,50,NULL,NULL,local_authority_district,594,599,28/09/2022
200550A31A407,2005,50A31A407,50,NULL,NULL,local_authority_district,594,599,28/09/2022
199950A314523,1999,50A314523,50,NULL,NULL,local_authority_district,594,599,28/09/2022
199450A312188,1994,50A312188,50,NULL,NULL,location_easting_osgr,191300,91300,28/09/2022
199750A312930,1997,50A312930,50,NULL,NULL,location_easting_osgr,190500,90500,28/09/2022
199750A310267,1997,50A310267,50,NULL,NULL,location_easting_osgr,191430,91430,28/09/2022
199650A312092,1996,50A312092,50,NULL,NULL,location_easting_osgr,190900,90900,28/09/2022
199450A311723,1994,50A311723,50,NULL,NULL,location_easting_osgr,190900,90900,28/09/2022
199450A310792,1994,50A310792,50,NULL,NULL,location_easting_osgr,190200,90200,28/09/2022
199850A313668,1998,50A313668,50,NULL,NULL,location_easting_osgr,190090,90090,28/09/2022
199450A310649,1994,50A310649,50,NULL,NULL,location_easting_osgr,191500,91500,28/09/2022
199850A310813,1998,50A310813,50,NULL,NULL,location_easting_osgr,190800,90800,28/09/2022
199550A310702,1995,50A310702,50,NULL,NULL,location_easting_osgr,193000,0,28/09/2022
199750A314128,1997,50A314128,50,NULL,NULL,location_easting_osgr,191100,91100,28/09/2022
199850A312758,1998,50A312758,50,NULL,NULL,location_easting_osgr,97000,0,28/09/2022
199550A310702,1995,50A310702,50,NULL,NULL,location_northing_osgr,193000,0,28/09/2022
2.02106E+12,2021,61130403,6,NULL,NULL,time,241,345,28/09/2022
2.02106E+12,2021,61120129,6,NULL,NULL,time,2310,1914,28/09/2022
202106K078959,2021,06K078959,6,NULL,NULL,date,02/05/2021,02/01/2021,28/09/2022
202106K079449,2021,06K079449,6,NULL,NULL,date,08/05/2021,08/01/2021,28/09/2022
202106K079841,2021,06K079841,6,NULL,NULL,date,02/05/2021,02/02/2021,28/09/2022
202106K079850,2021,06K079850,6,NULL,NULL,date,03/06/2021,03/02/2021,28/09/2022
202106K080019,2021,06K080019,6,NULL,NULL,date,05/05/2021,05/02/2021,28/09/2022
202106N080068,2021,06N080068,6,NULL,NULL,date,09/05/2021,09/01/2021,28/09/2022
202106X080064,2021,06X080064,6,NULL,NULL,date,12/05/2021,12/02/2021,28/09/2022
202106A079120,2021,06A079120,6,NULL,NULL,date,11/05/2021,11/01/2021,28/09/2022
202106A079306,2021,06A079306,6,NULL,NULL,date,23/06/2021,23/01/2021,28/09/2022
202106A079575,2021,06A079575,6,NULL,NULL,date,30/06/2021,30/01/2021,28/09/2022
202106A079632,2021,06A079632,6,NULL,NULL,date,17/05/2021,17/01/2021,28/09/2022
202106A079705,2021,06A079705,6,NULL,NULL,date,04/05/2021,04/02/2021,28/09/2022
202106A079804,2021,06A079804,6,NULL,NULL,date,01/06/2021,01/02/2021,28/09/2022
202106A080112,2021,06A080112,6,NULL,NULL,date,08/05/2021,08/02/2021,28/09/2022
202106A080151,2021,06A080151,6,NULL,NULL,date,11/06/2021,11/02/2021,28/09/2022
202106E078828,2021,06E078828,6,NULL,NULL,date,03/05/2021,03/01/2021,28/09/2022
202106E079079,2021,06E079079,6,NULL,NULL,date,13/05/2021,13/01/2021,28/09/2022
202106E080035,2021,06E080035,6,NULL,NULL,date,06/05/2021,06/02/2021,28/09/2022
202106E080132,2021,06E080132,6,NULL,NULL,date,04/05/2021,04/02/2021,28/09/2022
202106Q079604,2021,06Q079604,6,NULL,NULL,date,08/05/2021,08/01/2021,28/09/2022
202106Q080006,2021,06Q080006,6,NULL,NULL,date,07/05/2021,07/02/2021,28/09/2022
202106X079525,2021,06X079525,6,NULL,NULL,date,24/05/2021,24/01/2021,28/09/2022
202106P079731,2021,06P079731,6,NULL,NULL,date,27/05/2021,27/01/2021,28/09/2022
202106P080084,2021,06P080084,6,NULL,NULL,date,12/06/2021,12/02/2021,28/09/2022
2.02106E+12,2021,61125285,6,NULL,NULL,date,12/12/2021,19/12/2021,28/09/2022
2.02106E+12,2021,61130403,6,NULL,NULL,date,19/01/2021,19/12/2021,28/09/2022
202106F079007,2021,06F079007,6,NULL,NULL,date,04/06/2021,04/01/2021,28/09/2022
202106J079547,2021,06J079547,6,NULL,NULL,date,26/06/2021,26/01/2021,28/09/2022
202106G080128,2021,06G080128,6,NULL,NULL,date,24/05/2021,24/01/2021,28/09/2022
202106G080282,2021,06G080282,6,NULL,NULL,date,14/05/2021,23/01/2021,28/09/2022
202106M079765,2021,06M079765,6,NULL,NULL,date,04/05/2021,04/02/2021,28/09/2022
202106M080073,2021,06M080073,6,NULL,NULL,date,22/05/2021,22/01/2021,28/09/2022
202106L079734,2021,06L079734,6,NULL,NULL,date,26/05/2021,26/01/2021,28/09/2022
202106L079767,2021,06L079767,6,NULL,NULL,date,24/05/2021,24/01/2021,28/09/2022
202106L079939,2021,06L079939,6,NULL,NULL,date,13/06/2021,13/02/2021,28/09/2022
2.02E+204,2017,1.35E+200,13,NULL,NULL,latitude,NULL,53.802307,28/09/2022
2.02E+269,2017,1.35E+265,13,NULL,NULL,latitude,NULL,53.735464,28/09/2022
2.02E+253,2017,1.34E+249,13,NULL,NULL,latitude,NULL,53.798072,28/09/2022
2.02E+220,2017,1.34E+216,13,NULL,NULL,latitude,NULL,53.772941,28/09/2022
20171343E0303,2017,1.34E+306,13,NULL,NULL,latitude,NULL,53.656847,28/09/2022
2.02E+206,2017,1.34E+202,13,NULL,NULL,latitude,NULL,53.690811,28/09/2022
2.02E+241,2017,1.34E+237,13,NULL,NULL,latitude,NULL,53.817781,28/09/2022
2.02E+30,2017,1.34E+26,13,NULL,NULL,latitude,NULL,53.782622,28/09/2022
2.02E+153,2017,1.35E+149,13,NULL,NULL,latitude,NULL,53.665961,28/09/2022
2.02E+223,2017,1.35E+219,13,NULL,NULL,latitude,NULL,53.834351,28/09/2022
2.02E+204,2017,1.35E+200,13,NULL,NULL,longitude,NULL,-1.397136,28/09/2022
2.02E+269,2017,1.35E+265,13,NULL,NULL,longitude,NULL,-1.731932,28/09/2022
2.02E+253,2017,1.34E+249,13,NULL,NULL,longitude,NULL,-1.653605,28/09/2022
2.02E+220,2017,1.34E+216,13,NULL,NULL,longitude,NULL,-1.350414,28/09/2022
20171343E0303,2017,1.34E+306,13,NULL,NULL,longitude,NULL,-1.484915,28/09/2022
2.02E+206,2017,1.34E+202,13,NULL,NULL,longitude,NULL,-1.48644,28/09/2022
2.02E+241,2017,1.34E+237,13,NULL,NULL,longitude,NULL,-1.487289,28/09/2022
2.02E+30,2017,1.34E+26,13,NULL,NULL,longitude,NULL,-1.432035,28/09/2022
2.02E+153,2017,1.35E+149,13,NULL,NULL,longitude,NULL,-1.70619,28/09/2022
2.02E+223,2017,1.35E+219,13,NULL,NULL,longitude,NULL,-1.645647,28/09/2022
200050A311645,2000,50A311645,50,NULL,NULL,local_authority_district,594,599,28/09/2022
200050A314753,2000,50A314753,50,NULL,NULL,local_authority_district,594,599,28/09/2022
199950A311960,1999,50A311960,50,NULL,NULL,local_authority_district,594,599,28/09/2022
199950A311218,1999,50A311218,50,NULL,NULL,local_authority_district,594,599,28/09/2022
199950A311840,1999,50A311840,50,NULL,NULL,local_authority_district,594,599,28/09/2022
200550A31M664,2005,50A31M664,50,NULL,NULL,local_authority_district,594,599,28/09/2022
199850A311423,1998,50A311423,50,NULL,NULL,local_authority_district,594,599,28/09/2022
201150AS2A001,2011,50AS2A001,50,NULL,NULL,local_authority_highway,810,811,28/09/2022
201650AS2A001,2016,50AS2A001,50,NULL,NULL,local_authority_highway,810,811,28/09/2022
2.0185E+12,2018,500296528,50,NULL,NULL,local_authority_highway,810,811,28/09/2022
201250AS2A002,2012,50AS2A002,50,NULL,NULL,local_authority_highway,810,811,28/09/2022
201350AS2A002,2013,50AS2A002,50,NULL,NULL,local_authority_highway,810,811,28/09/2022
199950A314684,1999,50A314684,50,NULL,NULL,local_authority_district,594,599,28/09/2022
199950A313402,1999,50A313402,50,NULL,NULL,local_authority_district,594,599,28/09/2022
199950A314984,1999,50A314984,50,NULL,NULL,local_authority_district,594,599,28/09/2022
200350A31D971,2003,50A31D971,50,NULL,NULL,local_authority_district,594,599,28/09/2022
200350A31I215,2003,50A31I215,50,NULL,NULL,local_authority_district,594,599,28/09/2022
200150A313215,2001,50A313215,50,NULL,NULL,local_authority_district,594,599,28/09/2022
200550A31B402,2005,50A31B402,50,NULL,NULL,local_authority_district,594,599,28/09/2022
199750A310267,1997,50A310267,50,NULL,NULL,local_authority_district,594,599,28/09/2022
199750A314128,1997,50A314128,50,NULL,NULL,local_authority_district,594,599,28/09/2022
199750A312930,1997,50A312930,50,NULL,NULL,local_authority_district,594,599,28/09/2022
199650A312092,1996,50A312092,50,NULL,NULL,local_authority_district,594,599,28/09/2022
200050A314258,2000,50A314258,50,NULL,NULL,local_authority_district,594,599,28/09/2022
200050A312546,2000,50A312546,50,NULL,NULL,local_authority_district,594,599,28/09/2022
200150A315253,2001,50A315253,50,NULL,NULL,local_authority_district,594,599,28/09/2022
199450A310649,1994,50A310649,50,NULL,NULL,local_authority_district,594,599,28/09/2022
199450A311723,1994,50A311723,50,NULL,NULL,local_authority_district,594,599,28/09/2022
199450A310792,1994,50A310792,50,NULL,NULL,local_authority_district,594,599,28/09/2022
199450A312188,1994,50A312188,50,NULL,NULL,local_authority_district,594,599,28/09/2022
200450A31J257,2004,50A31J257,50,NULL,NULL,local_authority_district,594,599,28/09/2022
200250A312327,2002,50A312327,50,NULL,NULL,local_authority_district,594,599,28/09/2022
201350AS2A001,2013,50AS2A001,50,NULL,NULL,local_authority_highway,810,811,28/09/2022
201450AS2A001,2014,50AS2A001,50,NULL,NULL,local_authority_highway,810,811,28/09/2022
201050AS2A001,2010,50AS2A001,50,NULL,NULL,local_authority_highway,810,811,28/09/2022
200950AS2A001,2009,50AS2A001,50,NULL,NULL,local_authority_highway,810,811,28/09/2022
200950AS2A002,2009,50AS2A002,50,NULL,NULL,local_authority_highway,810,811,28/09/2022
200950AS2A003,2009,50AS2A003,50,NULL,NULL,local_authority_highway,810,811,28/09/2022
201250AS2A001,2012,50AS2A001,50,NULL,NULL,local_authority_highway,810,811,28/09/2022
201350JC3O006,2013,50JC3O006,50,NULL,NULL,local_authority_highway,810,811,28/09/2022
2.0185E+12,2018,500800262,50,NULL,NULL,local_authority_highway,810,811,28/09/2022
2.0195E+12,2019,500926378,50,NULL,NULL,local_authority_highway,810,811,28/09/2022
201450AS2A002,2014,50AS2A002,50,NULL,NULL,local_authority_highway,810,811,28/09/2022
201550AS2A001,2015,50AS2A001,50,NULL,NULL,local_authority_highway,810,811,28/09/2022
2.0175E+12,2017,500252112,50,NULL,NULL,local_authority_highway,810,811,28/09/2022
199750A310267,1997,50A310267,50,NULL,NULL,local_authority_ons_district,E07000023,E06000053,28/09/2022
199750A314128,1997,50A314128,50,NULL,NULL,local_authority_ons_district,E07000023,E06000053,28/09/2022
199750A312930,1997,50A312930,50,NULL,NULL,local_authority_ons_district,E07000023,E06000053,28/09/2022
199650A312092,1996,50A312092,50,NULL,NULL,local_authority_ons_district,E07000023,E06000053,28/09/2022
199950A311960,1999,50A311960,50,NULL,NULL,local_authority_ons_district,E07000023,E06000053,28/09/2022
199950A311218,1999,50A311218,50,NULL,NULL,local_authority_ons_district,E07000023,E06000053,28/09/2022
199950A311840,1999,50A311840,50,NULL,NULL,local_authority_ons_district,E07000023,E06000053,28/09/2022
200350A31D971,2003,50A31D971,50,NULL,NULL,local_authority_ons_district,E07000023,E06000053,28/09/2022
200350A31I215,2003,50A31I215,50,NULL,NULL,local_authority_ons_district,E07000023,E06000053,28/09/2022
200550A31M664,2005,50A31M664,50,NULL,NULL,local_authority_ons_district,E07000023,E06000053,28/09/2022
199450A310649,1994,50A310649,50,NULL,NULL,local_authority_ons_district,E07000023,E06000053,28/09/2022
199450A311723,1994,50A311723,50,NULL,NULL,local_authority_ons_district,E07000023,E06000053,28/09/2022
199450A310792,1994,50A310792,50,NULL,NULL,local_authority_ons_district,E07000023,E06000053,28/09/2022
199450A312188,1994,50A312188,50,NULL,NULL,local_authority_ons_district,E07000023,E06000053,28/09/2022
200150A315253,2001,50A315253,50,NULL,NULL,local_authority_ons_district,E07000023,E06000053,28/09/2022
199950A314523,1999,50A314523,50,NULL,NULL,local_authority_ons_district,E07000023,E06000053,28/09/2022
199950A314684,1999,50A314684,50,NULL,NULL,local_authority_ons_district,E07000023,E06000053,28/09/2022
199950A313402,1999,50A313402,50,NULL,NULL,local_authority_ons_district,E07000023,E06000053,28/09/2022
199950A314984,1999,50A314984,50,NULL,NULL,local_authority_ons_district,E07000023,E06000053,28/09/2022
200450A31J257,2004,50A31J257,50,NULL,NULL,local_authority_ons_district,E07000023,E06000053,28/09/2022
200650A31J350,2006,50A31J350,50,NULL,NULL,local_authority_ons_district,E07000023,E06000053,28/09/2022
200650A31G654,2006,50A31G654,50,NULL,NULL,local_authority_ons_district,E07000023,E06000053,28/09/2022
200150A313215,2001,50A313215,50,NULL,NULL,local_authority_ons_district,E07000023,E06000053,28/09/2022
199850A311423,1998,50A311423,50,NULL,NULL,local_authority_ons_district,E07000023,E06000053,28/09/2022
199850A310813,1998,50A310813,50,NULL,NULL,local_authority_ons_district,E07000023,E06000053,28/09/2022
199850A312758,1998,50A312758,50,NULL,NULL,local_authority_ons_district,E07000023,E06000053,28/09/2022
2.02403E+12,2024,031397927,03,4,NULL,vehicle_location_restricted_lane,-1,6,30/07/2026
2.02403E+12,2024,031397927,03,3,NULL,vehicle_location_restricted_lane,-1,6,30/07/2026
2.02403E+12,2024,031425125,03,1,NULL,vehicle_location_restricted_lane,-1,6,30/07/2026
2.02403E+12,2024,031433629,03,1,NULL,vehicle_location_restricted_lane,-1,6,30/07/2026
2.02403E+12,2024,031447519,03,1,NULL,vehicle_location_restricted_lane,-1,6,30/07/2026
2.02403E+12,2024,031488605,03,1,NULL,vehicle_location_restricted_lane,-1,6,30/07/2026
2.02403E+12,2024,031502193,03,1,NULL,vehicle_location_restricted_lane,-1,6,30/07/2026
2.02403E+12,2024,031507196,03,1,NULL,vehicle_location_restricted_lane,-1,6,30/07/2026
2.02403E+12,2024,031507208,03,1,NULL,vehicle_location_restricted_lane,-1,6,30/07/2026
2.02403E+12,2024,031535381,03,2,NULL,vehicle_location_restricted_lane,-1,6,30/07/2026
2.02403E+12,2024,031535381,03,1,NULL,vehicle_location_restricted_lane,-1,6,30/07/2026
2.02404E+12,2024,041405451,04,2,NULL,vehicle_location_restricted_lane,-1,6,30/07/2026
2.02404E+12,2024,041411348,04,3,NULL,vehicle_location_restricted_lane,-1,6,30/07/2026
2.02404E+12,2024,041412687,04,1,NULL,vehicle_location_restricted_lane,-1,6,30/07/2026
2.02404E+12,2024,041414847,04,6,NULL,vehicle_location_restricted_lane,-1,6,30/07/2026
2.02404E+12,2024,041414847,04,5,NULL,vehicle_location_restricted_lane,-1,6,30/07/2026
2.02404E+12,2024,041448496,04,2,NULL,vehicle_location_restricted_lane,-1,6,30/07/2026
2.02404E+12,2024,041448711,04,1,NULL,vehicle_location_restricted_lane,-1,6,30/07/2026
2.02404E+12,2024,041452595,04,1,NULL,vehicle_location_restricted_lane,-1,6,30/07/2026
2.02404E+12,2024,041470982,04,1,NULL,vehicle_location_restricted_lane,-1,6,30/07/2026
2.02404E+12,2024,041471049,04,1,NULL,vehicle_location_restricted_lane,-1,6,30/07/2026
2.02404E+12,2024,041471764,04,1,NULL,vehicle_location_restricted_lane,-1,6,30/07/2026
2.02404E+12,2024,041484329,04,1,NULL,vehicle_location_restricted_lane,-1,6,30/07/2026
2.02404E+12,2024,041485220,04,1,NULL,vehicle_location_restricted_lane,-1,6,30/07/2026
2.02404E+12,2024,041488280,04,4,NULL,vehicle_location_restricted_lane,-1,6,30/07/2026
2.02404E+12,2024,041497396,04,1,NULL,vehicle_location_restricted_lane,-1,6,30/07/2026
2.02404E+12,2024,041497396,04,2,NULL,vehicle_location_restricted_lane,-1,6,30/07/2026
2.02404E+12,2024,041509041,04,2,NULL,vehicle_location_restricted_lane,-1,6,30/07/2026
2.02404E+12,2024,041509041,04,3,NULL,vehicle_location_restricted_lane,-1,6,30/07/2026
2.02404E+12,2024,041519612,04,2,NULL,vehicle_location_restricted_lane,-1,6,30/07/2026
2.02404E+12,2024,041519612,04,4,NULL,vehicle_location_restricted_lane,-1,6,30/07/2026
2.02404E+12,2024,041519612,04,3,NULL,vehicle_location_restricted_lane,-1,6,30/07/2026
2.02404E+12,2024,041528460,04,1,NULL,vehicle_location_restricted_lane,-1,6,30/07/2026
2.02404E+12,2024,041530382,04,1,NULL,vehicle_location_restricted_lane,-1,6,30/07/2026
2.02404E+12,2024,041530806,04,1,NULL,vehicle_location_restricted_lane,-1,6,30/07/2026
2.02406E+12,2024,061399837,06,1,NULL,vehicle_location_restricted_lane,-1,6,30/07/2026
2.02406E+12,2024,061414511,06,1,NULL,vehicle_location_restricted_lane,-1,6,30/07/2026
2.02406E+12,2024,061425073,06,2,NULL,vehicle_location_restricted_lane,-1,6,30/07/2026
2.02406E+12,2024,061437250,06,3,NULL,vehicle_location_restricted_lane,-1,6,30/07/2026
2.02406E+12,2024,061437250,06,2,NULL,vehicle_location_restricted_lane,-1,6,30/07/2026
2.02406E+12,2024,061437250,06,4,NULL,vehicle_location_restricted_lane,-1,6,30/07/2026
2.02406E+12,2024,061447655,06,1,NULL,vehicle_location_restricted_lane,-1,6,30/07/2026
2.02406E+12,2024,061447911,06,3,NULL,vehicle_location_restricted_lane,-1,6,30/07/2026
2.02406E+12,2024,061452769,06,1,NULL,vehicle_location_restricted_lane,-1,6,30/07/2026
2.02406E+12,2024,061454128,06,1,NULL,vehicle_location_restricted_lane,-1,6,30/07/2026
2.02406E+12,2024,061455341,06,2,NULL,vehicle_location_restricted_lane,-1,6,30/07/2026
2.02406E+12,2024,061455341,06,1,NULL,vehicle_location_restricted_lane,-1,6,30/07/2026
2.02406E+12,2024,061458230,06,2,NULL,vehicle_location_restricted_lane,-1,6,30/07/2026
2.02406E+12,2024,061458230,06,1,NULL,vehicle_location_restricted_lane,-1,6,30/07/2026
2.02406E+12,2024,061466035,06,1,NULL,vehicle_location_restricted_lane,-1,6,30/07/2026
2.02406E+12,2024,061470188,06,3,NULL,vehicle_location_restricted_lane,-1,6,30/07/2026
2.02406E+12,2024,061470361,06,1,NULL,vehicle_location_restricted_lane,-1,6,30/07/2026
2.02406E+12,2024,061474531,06,1,NULL,vehicle_location_restricted_lane,-1,6,30/07/2026
2.02406E+12,2024,061485265,06,1,NULL,vehicle_location_restricted_lane,-1,6,30/07/2026
2.02406E+12,2024,061485265,06,3,NULL,vehicle_location_restricted_lane,-1,6,30/07/2026
2.02406E+12,2024,061485265,06,2,NULL,vehicle_location_restricted_lane,-1,6,30/07/2026
2.02406E+12,2024,061488493,06,1,NULL,vehicle_location_restricted_lane,-1,6,30/07/2026
2.02406E+12,2024,061488493,06,2,NULL,vehicle_location_restricted_lane,-1,6,30/07/2026
2.02406E+12,2024,061492705,06,2,NULL,vehicle_location_restricted_lane,-1,6,30/07/2026
2.02406E+12,2024,061495047,06,3,NULL,vehicle_location_restricted_lane,-1,6,30/07/2026
2.02406E+12,2024,061496246,06,2,NULL,vehicle_location_restricted_lane,-1,6,30/07/2026
2.02406E+12,2024,061507022,06,2,NULL,vehicle_location_restricted_lane,-1,6,30/07/2026
2.02406E+12,2024,061509893,06,3,NULL,vehicle_location_restricted_lane,-1,6,30/07/2026
2.02406E+12,2024,061509893,06,2,NULL,vehicle_location_restricted_lane,-1,6,30/07/2026
2.02406E+12,2024,061509893,06,1,NULL,vehicle_location_restricted_lane,-1,6,30/07/2026
2.02406E+12,2024,061515580,06,1,NULL,vehicle_location_restricted_lane,-1,6,30/07/2026
2.02406E+12,2024,061520555,06,1,NULL,vehicle_location_restricted_lane,-1,6,30/07/2026
2.02406E+12,2024,061522319,06,2,NULL,vehicle_location_restricted_lane,-1,6,30/07/2026
2.02406E+12,2024,061522438,06,2,NULL,vehicle_location_restricted_lane,-1,6,30/07/2026
2.0241E+12,2024,101401105,10,3,NULL,vehicle_location_restricted_lane,-1,6,30/07/2026
2.0241E+12,2024,101414377,10,2,NULL,vehicle_location_restricted_lane,-1,6,30/07/2026
2.0241E+12,2024,101418663,10,1,NULL,vehicle_location_restricted_lane,-1,6,30/07/2026
2.0241E+12,2024,101422514,10,1,NULL,vehicle_location_restricted_lane,-1,6,30/07/2026
2.0241E+12,2024,101424743,10,2,NULL,vehicle_location_restricted_lane,-1,6,30/07/2026
2.0241E+12,2024,101442841,10,1,NULL,vehicle_location_restricted_lane,-1,6,30/07/2026
2.0241E+12,2024,101455012,10,1,NULL,vehicle_location_restricted_lane,-1,6,30/07/2026
2.0241E+12,2024,101457000,10,1,NULL,vehicle_location_restricted_lane,-1,6,30/07/2026
2.0241E+12,2024,101464383,10,1,NULL,vehicle_location_restricted_lane,-1,6,30/07/2026
2.0241E+12,2024,101471488,10,1,NULL,vehicle_location_restricted_lane,-1,6,30/07/2026
2.0241E+12,2024,101481072,10,1,NULL,vehicle_location_restricted_lane,-1,6,30/07/2026
2.0241E+12,2024,101482755,10,2,NULL,vehicle_location_restricted_lane,-1,6,30/07/2026
2.0241E+12,2024,101485965,10,3,NULL,vehicle_location_restricted_lane,-1,6,30/07/2026
2.0241E+12,2024,101486851,10,1,NULL,vehicle_location_restricted_lane,-1,6,30/07/2026
2.0241E+12,2024,101503438,10,1,NULL,vehicle_location_restricted_lane,-1,6,30/07/2026
2.0241E+12,2024,101507714,10,2,NULL,vehicle_location_restricted_lane,-1,6,30/07/2026
2.0241E+12,2024,101507714,10,1,NULL,vehicle_location_restricted_lane,-1,6,30/07/2026
2.0241E+12,2024,101507898,10,1,NULL,vehicle_location_restricted_lane,-1,6,30/07/2026
2.0241E+12,2024,101507898,10,2,NULL,vehicle_location_restricted_lane,-1,6,30/07/2026
2.0241E+12,2024,101511730,10,3,NULL,vehicle_location_restricted_lane,-1,6,30/07/2026
2.0241E+12,2024,101516624,10,1,NULL,vehicle_location_restricted_lane,-1,6,30/07/2026
2.02411E+12,2024,111480202,11,4,NULL,vehicle_location_restricted_lane,-1,6,30/07/2026
2.02411E+12,2024,111480202,11,3,NULL,vehicle_location_restricted_lane,-1,6,30/07/2026
2.02413E+12,2024,131397889,13,1,NULL,vehicle_location_restricted_lane,-1,6,30/07/2026
2.02413E+12,2024,131408597,13,1,NULL,vehicle_location_restricted_lane,-1,6,30/07/2026
2.02413E+12,2024,131410396,13,1,NULL,vehicle_location_restricted_lane,-1,6,30/07/2026
2.02413E+12,2024,131418988,13,1,NULL,vehicle_location_restricted_lane,-1,6,30/07/2026
2.02413E+12,2024,131419200,13,2,NULL,vehicle_location_restricted_lane,-1,6,30/07/2026
2.02413E+12,2024,131422836,13,2,NULL,vehicle_location_restricted_lane,-1,6,30/07/2026
2.02413E+12,2024,131430045,13,2,NULL,vehicle_location_restricted_lane,-1,6,30/07/2026
2.02413E+12,2024,131434897,13,1,NULL,vehicle_location_restricted_lane,-1,6,30/07/2026
2.02413E+12,2024,131443882,13,1,NULL,vehicle_location_restricted_lane,-1,6,30/07/2026
2.02413E+12,2024,131448561,13,2,NULL,vehicle_location_restricted_lane,-1,6,30/07/2026
2.02413E+12,2024,131455338,13,1,NULL,vehicle_location_restricted_lane,-1,6,30/07/2026
2.02413E+12,2024,131455338,13,2,NULL,vehicle_location_restricted_lane,-1,6,30/07/2026
2.02413E+12,2024,131455927,13,3,NULL,vehicle_location_restricted_lane,-1,6,30/07/2026
2.02413E+12,2024,131457400,13,1,NULL,vehicle_location_restricted_lane,-1,6,30/07/2026
2.02413E+12,2024,131463739,13,1,NULL,vehicle_location_restricted_lane,-1,6,30/07/2026
2.02413E+12,2024,131464865,13,1,NULL,vehicle_location_restricted_lane,-1,6,30/07/2026
2.02413E+12,2024,131472142,13,2,NULL,vehicle_location_restricted_lane,-1,6,30/07/2026
2.02413E+12,2024,131472142,13,1,NULL,vehicle_location_restricted_lane,-1,6,30/07/2026
2.02413E+12,2024,131475265,13,1,NULL,vehicle_location_restricted_lane,-1,6,30/07/2026
2.02413E+12,2024,131475343,13,1,NULL,vehicle_location_restricted_lane,-1,6,30/07/2026
2.02413E+12,2024,131476334,13,1,NULL,vehicle_location_restricted_lane,-1,6,30/07/2026
2.02413E+12,2024,131478207,13,3,NULL,vehicle_location_restricted_lane,-1,6,30/07/2026
2.02413E+12,2024,131478207,13,2,NULL,vehicle_location_restricted_lane,-1,6,30/07/2026
2.02413E+12,2024,131479530,13,2,NULL,vehicle_location_restricted_lane,-1,6,30/07/2026
2.02413E+12,2024,131480562,13,2,NULL,vehicle_location_restricted_lane,-1,6,30/07/2026
2.02413E+12,2024,131483193,13,1,NULL,vehicle_location_restricted_lane,-1,6,30/07/2026
2.02413E+12,2024,131496681,13,1,NULL,vehicle_location_restricted_lane,-1,6,30/07/2026
2.02413E+12,2024,131496681,13,3,NULL,vehicle_location_restricted_lane,-1,6,30/07/2026
2.02413E+12,2024,131496681,13,2,NULL,vehicle_location_restricted_lane,-1,6,30/07/2026
2.02413E+12,2024,131500253,13,2,NULL,vehicle_location_restricted_lane,-1,6,30/07/2026
2.02413E+12,2024,131509437,13,4,NULL,vehicle_location_restricted_lane,-1,6,30/07/2026
2.02413E+12,2024,131509764,13,1,NULL,vehicle_location_restricted_lane,-1,6,30/07/2026
2.02413E+12,2024,131513120,13,1,NULL,vehicle_location_restricted_lane,-1,6,30/07/2026
2.02413E+12,2024,131523447,13,5,NULL,vehicle_location_restricted_lane,-1,6,30/07/2026
2.02413E+12,2024,131523447,13,6,NULL,vehicle_location_restricted_lane,-1,6,30/07/2026
2.02413E+12,2024,131523447,13,2,NULL,vehicle_location_restricted_lane,-1,6,30/07/2026
2.02413E+12,2024,131523447,13,4,NULL,vehicle_location_restricted_lane,-1,6,30/07/2026
2.02413E+12,2024,131523447,13,3,NULL,vehicle_location_restricted_lane,-1,6,30/07/2026
2.02413E+12,2024,131532514,13,1,NULL,vehicle_location_restricted_lane,-1,6,30/07/2026
2.02413E+12,2024,131532514,13,2,NULL,vehicle_location_restricted_lane,-1,6,30/07/2026
2.02413E+12,2024,131532514,13,3,NULL,vehicle_location_restricted_lane,-1,6,30/07/2026
2.02414E+12,2024,141402734,14,1,NULL,vehicle_location_restricted_lane,-1,6,30/07/2026
2.02414E+12,2024,141405790,14,1,NULL,vehicle_location_restricted_lane,-1,6,30/07/2026
2.02414E+12,2024,141411131,14,2,NULL,vehicle_location_restricted_lane,-1,6,30/07/2026
2.02414E+12,2024,141411131,14,3,NULL,vehicle_location_restricted_lane,-1,6,30/07/2026
2.02414E+12,2024,141417344,14,1,NULL,vehicle_location_restricted_lane,-1,6,30/07/2026
2.02414E+12,2024,141426230,14,2,NULL,vehicle_location_restricted_lane,-1,6,30/07/2026
2.02414E+12,2024,141434668,14,3,NULL,vehicle_location_restricted_lane,-1,6,30/07/2026
2.02414E+12,2024,141436418,14,1,NULL,vehicle_location_restricted_lane,-1,6,30/07/2026
2.02414E+12,2024,141440442,14,1,NULL,vehicle_location_restricted_lane,-1,6,30/07/2026
2.02414E+12,2024,141472870,14,2,NULL,vehicle_location_restricted_lane,-1,6,30/07/2026
2.02414E+12,2024,141475640,14,1,NULL,vehicle_location_restricted_lane,-1,6,30/07/2026
2.02414E+12,2024,141484828,14,2,NULL,vehicle_location_restricted_lane,-1,6,30/07/2026
2.02414E+12,2024,141494289,14,1,NULL,vehicle_location_restricted_lane,-1,6,30/07/2026
2.02414E+12,2024,141532699,14,3,NULL,vehicle_location_restricted_lane,-1,6,30/07/2026
2.02414E+12,2024,141536068,14,2,NULL,vehicle_location_restricted_lane,-1,6,30/07/2026
2.02416E+12,2024,161415642,16,1,NULL,vehicle_location_restricted_lane,-1,6,30/07/2026
2.02416E+12,2024,161474548,16,2,NULL,vehicle_location_restricted_lane,-1,6,30/07/2026
2.02416E+12,2024,161474548,16,1,NULL,vehicle_location_restricted_lane,-1,6,30/07/2026
2.02416E+12,2024,161479224,16,2,NULL,vehicle_location_restricted_lane,-1,6,30/07/2026
2.02416E+12,2024,161490836,16,1,NULL,vehicle_location_restricted_lane,-1,6,30/07/2026
2.02416E+12,2024,161513710,16,1,NULL,vehicle_location_restricted_lane,-1,6,30/07/2026
2.02416E+12,2024,161518020,16,1,NULL,vehicle_location_restricted_lane,-1,6,30/07/2026
2.0242E+12,2024,201401800,20,1,NULL,vehicle_location_restricted_lane,-1,6,30/07/2026
2.0242E+12,2024,201411781,20,1,NULL,vehicle_location_restricted_lane,-1,6,30/07/2026
2.0242E+12,2024,201411781,20,2,NULL,vehicle_location_restricted_lane,-1,6,30/07/2026
2.0242E+12,2024,201411986,20,6,NULL,vehicle_location_restricted_lane,-1,6,30/07/2026
2.0242E+12,2024,201441996,20,3,NULL,vehicle_location_restricted_lane,-1,6,30/07/2026
2.0242E+12,2024,201443240,20,2,NULL,vehicle_location_restricted_lane,-1,6,30/07/2026
2.0242E+12,2024,201443548,20,2,NULL,vehicle_location_restricted_lane,-1,6,30/07/2026
2.0242E+12,2024,201472344,20,1,NULL,vehicle_location_restricted_lane,-1,6,30/07/2026
2.0242E+12,2024,201513849,20,2,NULL,vehicle_location_restricted_lane,-1,6,30/07/2026
2.0242E+12,2024,201522179,20,1,NULL,vehicle_location_restricted_lane,-1,6,30/07/2026
2.0242E+12,2024,201526198,20,2,NULL,vehicle_location_restricted_lane,-1,6,30/07/2026
2.02421E+12,2024,211399817,21,1,NULL,vehicle_location_restricted_lane,-1,6,30/07/2026
2.02421E+12,2024,211405685,21,2,NULL,vehicle_location_restricted_lane,-1,6,30/07/2026
2.02421E+12,2024,211418467,21,1,NULL,vehicle_location_restricted_lane,-1,6,30/07/2026
2.02421E+12,2024,211420037,21,1,NULL,vehicle_location_restricted_lane,-1,6,30/07/2026
2.02421E+12,2024,211423712,21,2,NULL,vehicle_location_restricted_lane,-1,6,30/07/2026
2.02421E+12,2024,211424732,21,1,NULL,vehicle_location_restricted_lane,-1,6,30/07/2026
2.02421E+12,2024,211430759,21,1,NULL,vehicle_location_restricted_lane,-1,6,30/07/2026
2.02421E+12,2024,211435316,21,2,NULL,vehicle_location_restricted_lane,-1,6,30/07/2026
2.02421E+12,2024,211458766,21,1,NULL,vehicle_location_restricted_lane,-1,6,30/07/2026
2.02421E+12,2024,211458766,21,2,NULL,vehicle_location_restricted_lane,-1,6,30/07/2026
2.02421E+12,2024,211459178,21,1,NULL,vehicle_location_restricted_lane,-1,6,30/07/2026
2.02421E+12,2024,211474209,21,2,NULL,vehicle_location_restricted_lane,-1,6,30/07/2026
2.02421E+12,2024,211486761,21,2,NULL,vehicle_location_restricted_lane,-1,6,30/07/2026
2.02421E+12,2024,211489788,21,1,NULL,vehicle_location_restricted_lane,-1,6,30/07/2026
2.02421E+12,2024,211490733,21,1,NULL,vehicle_location_restricted_lane,-1,6,30/07/2026
2.02421E+12,2024,211492232,21,2,NULL,vehicle_location_restricted_lane,-1,6,30/07/2026
2.02421E+12,2024,211511938,21,3,NULL,vehicle_location_restricted_lane,-1,6,30/07/2026
2.02421E+12,2024,211512630,21,3,NULL,vehicle_location_restricted_lane,-1,6,30/07/2026
2.02421E+12,2024,211512630,21,2,NULL,vehicle_location_restricted_lane,-1,6,30/07/2026
2.02421E+12,2024,211516908,21,1,NULL,vehicle_location_restricted_lane,-1,6,30/07/2026
2.02421E+12,2024,211520448,21,5,NULL,vehicle_location_restricted_lane,-1,6,30/07/2026
2.02421E+12,2024,211520448,21,2,NULL,vehicle_location_restricted_lane,-1,6,30/07/2026
2.02421E+12,2024,211520448,21,1,NULL,vehicle_location_restricted_lane,-1,6,30/07/2026
2.02421E+12,2024,211520448,21,4,NULL,vehicle_location_restricted_lane,-1,6,30/07/2026
2.02421E+12,2024,211520448,21,3,NULL,vehicle_location_restricted_lane,-1,6,30/07/2026
2.02421E+12,2024,211527971,21,1,NULL,vehicle_location_restricted_lane,-1,6,30/07/2026
2.02422E+12,2024,221415639,22,2,NULL,vehicle_location_restricted_lane,-1,6,30/07/2026
2.02422E+12,2024,221487588,22,2,NULL,vehicle_location_restricted_lane,-1,6,30/07/2026
2.02423E+12,2024,231419795,23,1,NULL,vehicle_location_restricted_lane,-1,6,30/07/2026
2.02423E+12,2024,231434756,23,1,NULL,vehicle_location_restricted_lane,-1,6,30/07/2026
2.02423E+12,2024,231464895,23,1,NULL,vehicle_location_restricted_lane,-1,6,30/07/2026
2.02423E+12,2024,231481445,23,2,NULL,vehicle_location_restricted_lane,-1,6,30/07/2026
2.02423E+12,2024,231481445,23,4,NULL,vehicle_location_restricted_lane,-1,6,30/07/2026
2.02423E+12,2024,231482211,23,1,NULL,vehicle_location_restricted_lane,-1,6,30/07/2026
2.02423E+12,2024,231485267,23,1,NULL,vehicle_location_restricted_lane,-1,6,30/07/2026
2.02423E+12,2024,231511193,23,2,NULL,vehicle_location_restricted_lane,-1,6,30/07/2026
2.02423E+12,2024,231537306,23,1,NULL,vehicle_location_restricted_lane,-1,6,30/07/2026
2.02423E+12,2024,231553062,23,2,NULL,vehicle_location_restricted_lane,-1,6,30/07/2026
2.02431E+12,2024,311416378,31,1,NULL,vehicle_location_restricted_lane,-1,6,30/07/2026
2.02431E+12,2024,311417682,31,1,NULL,vehicle_location_restricted_lane,-1,6,30/07/2026
2.02431E+12,2024,311426953,31,1,NULL,vehicle_location_restricted_lane,-1,6,30/07/2026
2.02431E+12,2024,311429797,31,2,NULL,vehicle_location_restricted_lane,-1,6,30/07/2026
2.02431E+12,2024,311429797,31,3,NULL,vehicle_location_restricted_lane,-1,6,30/07/2026
2.02431E+12,2024,311431231,31,1,NULL,vehicle_location_restricted_lane,-1,6,30/07/2026
2.02431E+12,2024,311433126,31,2,NULL,vehicle_location_restricted_lane,-1,6,30/07/2026
2.02431E+12,2024,311433126,31,1,NULL,vehicle_location_restricted_lane,-1,6,30/07/2026
2.02431E+12,2024,311435523,31,1,NULL,vehicle_location_restricted_lane,-1,6,30/07/2026
2.02431E+12,2024,311439407,31,4,NULL,vehicle_location_restricted_lane,-1,6,30/07/2026
2.02431E+12,2024,311441478,31,2,NULL,vehicle_location_restricted_lane,-1,6,30/07/2026
2.02431E+12,2024,311458172,31,1,NULL,vehicle_location_restricted_lane,-1,6,30/07/2026
2.02431E+12,2024,311458558,31,1,NULL,vehicle_location_restricted_lane,-1,6,30/07/2026
2.02431E+12,2024,311458558,31,2,NULL,vehicle_location_restricted_lane,-1,6,30/07/2026
2.02431E+12,2024,311461453,31,2,NULL,vehicle_location_restricted_lane,-1,6,30/07/2026
2.02431E+12,2024,311461453,31,1,NULL,vehicle_location_restricted_lane,-1,6,30/07/2026
2.02431E+12,2024,311462999,31,1,NULL,vehicle_location_restricted_lane,-1,6,30/07/2026
2.02431E+12,2024,311475560,31,1,NULL,vehicle_location_restricted_lane,-1,6,30/07/2026
2.02431E+12,2024,311486337,31,1,NULL,vehicle_location_restricted_lane,-1,6,30/07/2026
2.02431E+12,2024,311500052,31,1,NULL,vehicle_location_restricted_lane,-1,6,30/07/2026
2.02431E+12,2024,311502908,31,1,NULL,vehicle_location_restricted_lane,-1,6,30/07/2026
2.02431E+12,2024,311512276,31,1,NULL,vehicle_location_restricted_lane,-1,6,30/07/2026
2.02431E+12,2024,311512606,31,1,NULL,vehicle_location_restricted_lane,-1,6,30/07/2026
2.02431E+12,2024,311521244,31,1,NULL,vehicle_location_restricted_lane,-1,6,30/07/2026
2.02431E+12,2024,311521499,31,1,NULL,vehicle_location_restricted_lane,-1,6,30/07/2026
2.02431E+12,2024,311524044,31,2,NULL,vehicle_location_restricted_lane,-1,6,30/07/2026
2.02431E+12,2024,311525312,31,2,NULL,vehicle_location_restricted_lane,-1,6,30/07/2026
2.02431E+12,2024,311525312,31,3,NULL,vehicle_location_restricted_lane,-1,6,30/07/2026
2.02431E+12,2024,311526338,31,2,NULL,vehicle_location_restricted_lane,-1,6,30/07/2026
2.02431E+12,2024,311534632,31,1,NULL,vehicle_location_restricted_lane,-1,6,30/07/2026
2.02431E+12,2024,311535171,31,2,NULL,vehicle_location_restricted_lane,-1,6,30/07/2026
2.02435E+12,2024,351401739,35,2,NULL,vehicle_location_restricted_lane,-1,6,30/07/2026
2.02435E+12,2024,351401966,35,1,NULL,vehicle_location_restricted_lane,-1,6,30/07/2026
2.02435E+12,2024,351412301,35,1,NULL,vehicle_location_restricted_lane,-1,6,30/07/2026
2.02435E+12,2024,351435264,35,1,NULL,vehicle_location_restricted_lane,-1,6,30/07/2026
2.02435E+12,2024,351436937,35,2,NULL,vehicle_location_restricted_lane,-1,6,30/07/2026
2.02435E+12,2024,351436937,35,1,NULL,vehicle_location_restricted_lane,-1,6,30/07/2026
2.02435E+12,2024,351452552,35,2,NULL,vehicle_location_restricted_lane,-1,6,30/07/2026
2.02435E+12,2024,351452552,35,1,NULL,vehicle_location_restricted_lane,-1,6,30/07/2026
2.02435E+12,2024,351452608,35,1,NULL,vehicle_location_restricted_lane,-1,6,30/07/2026
2.02435E+12,2024,351466354,35,2,NULL,vehicle_location_restricted_lane,-1,6,30/07/2026
2.02435E+12,2024,351466354,35,1,NULL,vehicle_location_restricted_lane,-1,6,30/07/2026
2.02435E+12,2024,351468712,35,2,NULL,vehicle_location_restricted_lane,-1,6,30/07/2026
2.02435E+12,2024,351468712,35,1,NULL,vehicle_location_restricted_lane,-1,6,30/07/2026
2.02435E+12,2024,351486684,35,1,NULL,vehicle_location_restricted_lane,-1,6,30/07/2026
2.02435E+12,2024,351486684,35,2,NULL,vehicle_location_restricted_lane,-1,6,30/07/2026
2.02435E+12,2024,351489942,35,1,NULL,vehicle_location_restricted_lane,-1,6,30/07/2026
2.02435E+12,2024,351492111,35,1,NULL,vehicle_location_restricted_lane,-1,6,30/07/2026
2.02435E+12,2024,351499407,35,2,NULL,vehicle_location_restricted_lane,-1,6,30/07/2026
2.02435E+12,2024,351503800,35,1,NULL,vehicle_location_restricted_lane,-1,6,30/07/2026
2.02435E+12,2024,351503800,35,2,NULL,vehicle_location_restricted_lane,-1,6,30/07/2026
2.02435E+12,2024,351504894,35,1,NULL,vehicle_location_restricted_lane,-1,6,30/07/2026
2.02435E+12,2024,351526063,35,4,NULL,vehicle_location_restricted_lane,-1,6,30/07/2026
2.02435E+12,2024,351536325,35,1,NULL,vehicle_location_restricted_lane,-1,6,30/07/2026
2.02435E+12,2024,351538866,35,1,NULL,vehicle_location_restricted_lane,-1,6,30/07/2026
2.02436E+12,2024,361408243,36,2,NULL,vehicle_location_restricted_lane,-1,6,30/07/2026
2.02436E+12,2024,361408243,36,3,NULL,vehicle_location_restricted_lane,-1,6,30/07/2026
2.02436E+12,2024,361426915,36,2,NULL,vehicle_location_restricted_lane,-1,6,30/07/2026
2.02436E+12,2024,361426915,36,1,NULL,vehicle_location_restricted_lane,-1,6,30/07/2026
2.02436E+12,2024,361462903,36,1,NULL,vehicle_location_restricted_lane,-1,6,30/07/2026
2.02436E+12,2024,361473691,36,1,NULL,vehicle_location_restricted_lane,-1,6,30/07/2026
2.02436E+12,2024,361474679,36,1,NULL,vehicle_location_restricted_lane,-1,6,30/07/2026
2.02436E+12,2024,361475583,36,1,NULL,vehicle_location_restricted_lane,-1,6,30/07/2026
2.02436E+12,2024,361475583,36,2,NULL,vehicle_location_restricted_lane,-1,6,30/07/2026
2.02436E+12,2024,361476930,36,2,NULL,vehicle_location_restricted_lane,-1,6,30/07/2026
2.02436E+12,2024,361479914,36,3,NULL,vehicle_location_restricted_lane,-1,6,30/07/2026
2.02436E+12,2024,361499263,36,1,NULL,vehicle_location_restricted_lane,-1,6,30/07/2026
2.02436E+12,2024,361523432,36,2,NULL,vehicle_location_restricted_lane,-1,6,30/07/2026
2.02437E+12,2024,371397694,37,1,NULL,vehicle_location_restricted_lane,-1,6,30/07/2026
2.02437E+12,2024,371410474,37,1,NULL,vehicle_location_restricted_lane,-1,6,30/07/2026
2.02437E+12,2024,371422830,37,1,NULL,vehicle_location_restricted_lane,-1,6,30/07/2026
2.02437E+12,2024,371422830,37,2,NULL,vehicle_location_restricted_lane,-1,6,30/07/2026
2.02437E+12,2024,371442316,37,1,NULL,vehicle_location_restricted_lane,-1,6,30/07/2026
2.02437E+12,2024,371442764,37,3,NULL,vehicle_location_restricted_lane,-1,6,30/07/2026
2.02437E+12,2024,371442764,37,2,NULL,vehicle_location_restricted_lane,-1,6,30/07/2026
2.02437E+12,2024,371453751,37,2,NULL,vehicle_location_restricted_lane,-1,6,30/07/2026
2.02437E+12,2024,371470709,37,2,NULL,vehicle_location_restricted_lane,-1,6,30/07/2026
2.02437E+12,2024,371470709,37,1,NULL,vehicle_location_restricted_lane,-1,6,30/07/2026
2.02437E+12,2024,371480331,37,2,NULL,vehicle_location_restricted_lane,-1,6,30/07/2026
2.02437E+12,2024,371499610,37,1,NULL,vehicle_location_restricted_lane,-1,6,30/07/2026
2.02437E+12,2024,371529964,37,1,NULL,vehicle_location_restricted_lane,-1,6,30/07/2026
2.0244E+12,2024,401407484,40,1,NULL,vehicle_location_restricted_lane,-1,6,30/07/2026
2.0244E+12,2024,401423110,40,2,NULL,vehicle_location_restricted_lane,-1,6,30/07/2026
2.0244E+12,2024,401423143,40,2,NULL,vehicle_location_restricted_lane,-1,6,30/07/2026
2.0244E+12,2024,401431777,40,2,NULL,vehicle_location_restricted_lane,-1,6,30/07/2026
2.0244E+12,2024,401431777,40,1,NULL,vehicle_location_restricted_lane,-1,6,30/07/2026
2.0244E+12,2024,401489830,40,2,NULL,vehicle_location_restricted_lane,-1,6,30/07/2026
2.0244E+12,2024,401489830,40,1,NULL,vehicle_location_restricted_lane,-1,6,30/07/2026
2.0244E+12,2024,401495873,40,3,NULL,vehicle_location_restricted_lane,-1,6,30/07/2026
2.0244E+12,2024,401503375,40,2,NULL,vehicle_location_restricted_lane,-1,6,30/07/2026
2.0244E+12,2024,401503375,40,3,NULL,vehicle_location_restricted_lane,-1,6,30/07/2026
2.0244E+12,2024,401503375,40,1,NULL,vehicle_location_restricted_lane,-1,6,30/07/2026
2.0244E+12,2024,401508592,40,1,NULL,vehicle_location_restricted_lane,-1,6,30/07/2026
2.0244E+12,2024,401519867,40,2,NULL,vehicle_location_restricted_lane,-1,6,30/07/2026
2.02441E+12,2024,411399577,41,2,NULL,vehicle_location_restricted_lane,-1,6,30/07/2026
2.02441E+12,2024,411423069,41,1,NULL,vehicle_location_restricted_lane,-1,6,30/07/2026
2.02441E+12,2024,411476434,41,1,NULL,vehicle_location_restricted_lane,-1,6,30/07/2026
2.02441E+12,2024,411489410,41,2,NULL,vehicle_location_restricted_lane,-1,6,30/07/2026
2.02441E+12,2024,411489410,41,3,NULL,vehicle_location_restricted_lane,-1,6,30/07/2026
2.02441E+12,2024,411500484,41,1,NULL,vehicle_location_restricted_lane,-1,6,30/07/2026
2.02441E+12,2024,411500617,41,1,NULL,vehicle_location_restricted_lane,-1,6,30/07/2026
2.02441E+12,2024,411500617,41,2,NULL,vehicle_location_restricted_lane,-1,6,30/07/2026
2.02441E+12,2024,411501683,41,1,NULL,vehicle_location_restricted_lane,-1,6,30/07/2026
2.02441E+12,2024,411508016,41,1,NULL,vehicle_location_restricted_lane,-1,6,30/07/2026
2.02441E+12,2024,411515214,41,1,NULL,vehicle_location_restricted_lane,-1,6,30/07/2026
2.02441E+12,2024,411515214,41,2,NULL,vehicle_location_restricted_lane,-1,6,30/07/2026
2.02441E+12,2024,411518795,41,1,NULL,vehicle_location_restricted_lane,-1,6,30/07/2026
2.02441E+12,2024,411534981,41,1,NULL,vehicle_location_restricted_lane,-1,6,30/07/2026
2.02442E+12,2024,421400466,42,1,NULL,vehicle_location_restricted_lane,-1,6,30/07/2026
2.02442E+12,2024,421400466,42,2,NULL,vehicle_location_restricted_lane,-1,6,30/07/2026
2.02442E+12,2024,421407983,42,1,NULL,vehicle_location_restricted_lane,-1,6,30/07/2026
2.02442E+12,2024,421407983,42,2,NULL,vehicle_location_restricted_lane,-1,6,30/07/2026
2.02442E+12,2024,421423778,42,2,NULL,vehicle_location_restricted_lane,-1,6,30/07/2026
2.02442E+12,2024,421427260,42,1,NULL,vehicle_location_restricted_lane,-1,6,30/07/2026
2.02442E+12,2024,421434165,42,1,NULL,vehicle_location_restricted_lane,-1,6,30/07/2026
2.02442E+12,2024,421438889,42,1,NULL,vehicle_location_restricted_lane,-1,6,30/07/2026
2.02442E+12,2024,421444054,42,2,NULL,vehicle_location_restricted_lane,-1,6,30/07/2026
2.02442E+12,2024,421444054,42,3,NULL,vehicle_location_restricted_lane,-1,6,30/07/2026
2.02442E+12,2024,421477557,42,1,NULL,vehicle_location_restricted_lane,-1,6,30/07/2026
2.02442E+12,2024,421478533,42,2,NULL,vehicle_location_restricted_lane,-1,6,30/07/2026
2.02442E+12,2024,421479336,42,2,NULL,vehicle_location_restricted_lane,-1,6,30/07/2026
2.02442E+12,2024,421482581,42,1,NULL,vehicle_location_restricted_lane,-1,6,30/07/2026
2.02442E+12,2024,421482865,42,2,NULL,vehicle_location_restricted_lane,-1,6,30/07/2026
2.02442E+12,2024,421482865,42,3,NULL,vehicle_location_restricted_lane,-1,6,30/07/2026
2.02442E+12,2024,421487783,42,2,NULL,vehicle_location_restricted_lane,-1,6,30/07/2026
2.02442E+12,2024,421488461,42,1,NULL,vehicle_location_restricted_lane,-1,6,30/07/2026
2.02442E+12,2024,421488461,42,3,NULL,vehicle_location_restricted_lane,-1,6,30/07/2026
2.02442E+12,2024,421492533,42,2,NULL,vehicle_location_restricted_lane,-1,6,30/07/2026
2.02442E+12,2024,421498420,42,1,NULL,vehicle_location_restricted_lane,-1,6,30/07/2026
2.02442E+12,2024,421498420,42,2,NULL,vehicle_location_restricted_lane,-1,6,30/07/2026
2.02442E+12,2024,421502156,42,2,NULL,vehicle_location_restricted_lane,-1,6,30/07/2026
2.02442E+12,2024,421503216,42,1,NULL,vehicle_location_restricted_lane,-1,6,30/07/2026
2.02442E+12,2024,421503216,42,2,NULL,vehicle_location_restricted_lane,-1,6,30/07/2026
2.02442E+12,2024,421504278,42,1,NULL,vehicle_location_restricted_lane,-1,6,30/07/2026
2.02442E+12,2024,421504472,42,4,NULL,vehicle_location_restricted_lane,-1,6,30/07/2026
2.02442E+12,2024,421504472,42,3,NULL,vehicle_location_restricted_lane,-1,6,30/07/2026
2.02442E+12,2024,421508185,42,1,NULL,vehicle_location_restricted_lane,-1,6,30/07/2026
2.02442E+12,2024,421519209,42,1,NULL,vehicle_location_restricted_lane,-1,6,30/07/2026
2.02442E+12,2024,421525533,42,1,NULL,vehicle_location_restricted_lane,-1,6,30/07/2026
2.02442E+12,2024,421525842,42,2,NULL,vehicle_location_restricted_lane,-1,6,30/07/2026
2.02442E+12,2024,421527739,42,1,NULL,vehicle_location_restricted_lane,-1,6,30/07/2026
2.02442E+12,2024,421528814,42,1,NULL,vehicle_location_restricted_lane,-1,6,30/07/2026
2.02442E+12,2024,421529411,42,3,NULL,vehicle_location_restricted_lane,-1,6,30/07/2026
2.02442E+12,2024,421530605,42,2,NULL,vehicle_location_restricted_lane,-1,6,30/07/2026
2.02442E+12,2024,421535734,42,2,NULL,vehicle_location_restricted_lane,-1,6,30/07/2026
2.02442E+12,2024,421535734,42,3,NULL,vehicle_location_restricted_lane,-1,6,30/07/2026
2.02445E+12,2024,451414624,45,1,NULL,vehicle_location_restricted_lane,-1,6,30/07/2026
2.02445E+12,2024,451421255,45,3,NULL,vehicle_location_restricted_lane,-1,6,30/07/2026
2.02445E+12,2024,451432250,45,2,NULL,vehicle_location_restricted_lane,-1,6,30/07/2026
2.02445E+12,2024,451434294,45,1,NULL,vehicle_location_restricted_lane,-1,6,30/07/2026
2.02445E+12,2024,451434560,45,2,NULL,vehicle_location_restricted_lane,-1,6,30/07/2026
2.02445E+12,2024,451434560,45,3,NULL,vehicle_location_restricted_lane,-1,6,30/07/2026
2.02445E+12,2024,451434560,45,4,NULL,vehicle_location_restricted_lane,-1,6,30/07/2026
2.02445E+12,2024,451435719,45,2,NULL,vehicle_location_restricted_lane,-1,6,30/07/2026
2.02445E+12,2024,451435719,45,3,NULL,vehicle_location_restricted_lane,-1,6,30/07/2026
2.02445E+12,2024,451435719,45,1,NULL,vehicle_location_restricted_lane,-1,6,30/07/2026
2.02445E+12,2024,451439501,45,2,NULL,vehicle_location_restricted_lane,-1,6,30/07/2026
2.02445E+12,2024,451442387,45,2,NULL,vehicle_location_restricted_lane,-1,6,30/07/2026
2.02445E+12,2024,451444198,45,2,NULL,vehicle_location_restricted_lane,-1,6,30/07/2026
2.02445E+12,2024,451444264,45,1,NULL,vehicle_location_restricted_lane,-1,6,30/07/2026
2.02445E+12,2024,451445256,45,1,NULL,vehicle_location_restricted_lane,-1,6,30/07/2026
2.02445E+12,2024,451445256,45,2,NULL,vehicle_location_restricted_lane,-1,6,30/07/2026
2.02445E+12,2024,451445256,45,3,NULL,vehicle_location_restricted_lane,-1,6,30/07/2026
2.02445E+12,2024,451458161,45,1,NULL,vehicle_location_restricted_lane,-1,6,30/07/2026
2.02445E+12,2024,451458447,45,1,NULL,vehicle_location_restricted_lane,-1,6,30/07/2026
2.02445E+12,2024,451458447,45,3,NULL,vehicle_location_restricted_lane,-1,6,30/07/2026
2.02445E+12,2024,451469784,45,2,NULL,vehicle_location_restricted_lane,-1,6,30/07/2026
2.02445E+12,2024,451475312,45,2,NULL,vehicle_location_restricted_lane,-1,6,30/07/2026
2.02445E+12,2024,451479535,45,1,NULL,vehicle_location_restricted_lane,-1,6,30/07/2026
2.02445E+12,2024,451483602,45,1,NULL,vehicle_location_restricted_lane,-1,6,30/07/2026
2.02445E+12,2024,451487342,45,2,NULL,vehicle_location_restricted_lane,-1,6,30/07/2026
2.02445E+12,2024,451490552,45,2,NULL,vehicle_location_restricted_lane,-1,6,30/07/2026
2.02445E+12,2024,451491511,45,2,NULL,vehicle_location_restricted_lane,-1,6,30/07/2026
2.02445E+12,2024,451496375,45,2,NULL,vehicle_location_restricted_lane,-1,6,30/07/2026
2.02445E+12,2024,451496760,45,1,NULL,vehicle_location_restricted_lane,-1,6,30/07/2026
2.02445E+12,2024,451509677,45,2,NULL,vehicle_location_restricted_lane,-1,6,30/07/2026
2.02445E+12,2024,451512977,45,2,NULL,vehicle_location_restricted_lane,-1,6,30/07/2026
2.02445E+12,2024,451518379,45,2,NULL,vehicle_location_restricted_lane,-1,6,30/07/2026
2.02445E+12,2024,451519191,45,1,NULL,vehicle_location_restricted_lane,-1,6,30/07/2026
2.02445E+12,2024,451524421,45,2,NULL,vehicle_location_restricted_lane,-1,6,30/07/2026
2.02445E+12,2024,451527146,45,2,NULL,vehicle_location_restricted_lane,-1,6,30/07/2026
2.02445E+12,2024,451532344,45,3,NULL,vehicle_location_restricted_lane,-1,6,30/07/2026
2.02445E+12,2024,451535315,45,2,NULL,vehicle_location_restricted_lane,-1,6,30/07/2026
2.02445E+12,2024,451539657,45,1,NULL,vehicle_location_restricted_lane,-1,6,30/07/2026
2.02446E+12,2024,461398727,46,2,NULL,vehicle_location_restricted_lane,-1,6,30/07/2026
2.02446E+12,2024,461398727,46,3,NULL,vehicle_location_restricted_lane,-1,6,30/07/2026
2.02446E+12,2024,461407835,46,2,NULL,vehicle_location_restricted_lane,-1,6,30/07/2026
2.02446E+12,2024,461407835,46,1,NULL,vehicle_location_restricted_lane,-1,6,30/07/2026
2.02446E+12,2024,461412985,46,2,NULL,vehicle_location_restricted_lane,-1,6,30/07/2026
2.02446E+12,2024,461412985,46,5,NULL,vehicle_location_restricted_lane,-1,6,30/07/2026
2.02446E+12,2024,461412985,46,3,NULL,vehicle_location_restricted_lane,-1,6,30/07/2026
2.02446E+12,2024,461412985,46,4,NULL,vehicle_location_restricted_lane,-1,6,30/07/2026
2.02446E+12,2024,461414726,46,2,NULL,vehicle_location_restricted_lane,-1,6,30/07/2026
2.02446E+12,2024,461419081,46,2,NULL,vehicle_location_restricted_lane,-1,6,30/07/2026
2.02446E+12,2024,461420414,46,2,NULL,vehicle_location_restricted_lane,-1,6,30/07/2026
2.02446E+12,2024,461420414,46,1,NULL,vehicle_location_restricted_lane,-1,6,30/07/2026
2.02446E+12,2024,461427167,46,3,NULL,vehicle_location_restricted_lane,-1,6,30/07/2026
2.02446E+12,2024,461430264,46,1,NULL,vehicle_location_restricted_lane,-1,6,30/07/2026
2.02446E+12,2024,461430325,46,2,NULL,vehicle_location_restricted_lane,-1,6,30/07/2026
2.02446E+12,2024,461430325,46,1,NULL,vehicle_location_restricted_lane,-1,6,30/07/2026
2.02446E+12,2024,461431998,46,3,NULL,vehicle_location_restricted_lane,-1,6,30/07/2026
2.02446E+12,2024,461436592,46,1,NULL,vehicle_location_restricted_lane,-1,6,30/07/2026
2.02446E+12,2024,461441506,46,2,NULL,vehicle_location_restricted_lane,-1,6,30/07/2026
2.02446E+12,2024,461446060,46,1,NULL,vehicle_location_restricted_lane,-1,6,30/07/2026
2.02446E+12,2024,461448091,46,2,NULL,vehicle_location_restricted_lane,-1,6,30/07/2026
2.02446E+12,2024,461448091,46,1,NULL,vehicle_location_restricted_lane,-1,6,30/07/2026
2.02446E+12,2024,461448670,46,3,NULL,vehicle_location_restricted_lane,-1,6,30/07/2026
2.02446E+12,2024,461450490,46,1,NULL,vehicle_location_restricted_lane,-1,6,30/07/2026
2.02446E+12,2024,461450490,46,2,NULL,vehicle_location_restricted_lane,-1,6,30/07/2026
2.02446E+12,2024,461450490,46,3,NULL,vehicle_location_restricted_lane,-1,6,30/07/2026
2.02446E+12,2024,461458205,46,1,NULL,vehicle_location_restricted_lane,-1,6,30/07/2026
2.02446E+12,2024,461459434,46,1,NULL,vehicle_location_restricted_lane,-1,6,30/07/2026
2.02446E+12,2024,461463292,46,2,NULL,vehicle_location_restricted_lane,-1,6,30/07/2026
2.02446E+12,2024,461469552,46,1,NULL,vehicle_location_restricted_lane,-1,6,30/07/2026
2.02446E+12,2024,461469902,46,1,NULL,vehicle_location_restricted_lane,-1,6,30/07/2026
2.02446E+12,2024,461472476,46,1,NULL,vehicle_location_restricted_lane,-1,6,30/07/2026
2.02446E+12,2024,461474921,46,2,NULL,vehicle_location_restricted_lane,-1,6,30/07/2026
2.02446E+12,2024,461474921,46,1,NULL,vehicle_location_restricted_lane,-1,6,30/07/2026
2.02446E+12,2024,461475048,46,2,NULL,vehicle_location_restricted_lane,-1,6,30/07/2026
2.02446E+12,2024,461475690,46,1,NULL,vehicle_location_restricted_lane,-1,6,30/07/2026
2.02446E+12,2024,461477494,46,1,NULL,vehicle_location_restricted_lane,-1,6,30/07/2026
2.02446E+12,2024,461478942,46,2,NULL,vehicle_location_restricted_lane,-1,6,30/07/2026
2.02446E+12,2024,461478942,46,3,NULL,vehicle_location_restricted_lane,-1,6,30/07/2026
2.02446E+12,2024,461480896,46,3,NULL,vehicle_location_restricted_lane,-1,6,30/07/2026
2.02446E+12,2024,461483674,46,2,NULL,vehicle_location_restricted_lane,-1,6,30/07/2026
2.02446E+12,2024,461483674,46,3,NULL,vehicle_location_restricted_lane,-1,6,30/07/2026
2.02446E+12,2024,461485115,46,1,NULL,vehicle_location_restricted_lane,-1,6,30/07/2026
2.02446E+12,2024,461485188,46,4,NULL,vehicle_location_restricted_lane,-1,6,30/07/2026
2.02446E+12,2024,461487383,46,1,NULL,vehicle_location_restricted_lane,-1,6,30/07/2026
2.02446E+12,2024,461487791,46,1,NULL,vehicle_location_restricted_lane,-1,6,30/07/2026
2.02446E+12,2024,461490928,46,1,NULL,vehicle_location_restricted_lane,-1,6,30/07/2026
2.02446E+12,2024,461492508,46,1,NULL,vehicle_location_restricted_lane,-1,6,30/07/2026
2.02446E+12,2024,461493703,46,1,NULL,vehicle_location_restricted_lane,-1,6,30/07/2026
2.02446E+12,2024,461504480,46,2,NULL,vehicle_location_restricted_lane,-1,6,30/07/2026
2.02446E+12,2024,461504480,46,1,NULL,vehicle_location_restricted_lane,-1,6,30/07/2026
2.02446E+12,2024,461506353,46,3,NULL,vehicle_location_restricted_lane,-1,6,30/07/2026
2.02446E+12,2024,461508220,46,2,NULL,vehicle_location_restricted_lane,-1,6,30/07/2026
2.02446E+12,2024,461510589,46,1,NULL,vehicle_location_restricted_lane,-1,6,30/07/2026
2.02446E+12,2024,461517165,46,2,NULL,vehicle_location_restricted_lane,-1,6,30/07/2026
2.02446E+12,2024,461520226,46,2,NULL,vehicle_location_restricted_lane,-1,6,30/07/2026
2.02446E+12,2024,461520560,46,1,NULL,vehicle_location_restricted_lane,-1,6,30/07/2026
2.02446E+12,2024,461524503,46,2,NULL,vehicle_location_restricted_lane,-1,6,30/07/2026
2.02446E+12,2024,461527276,46,1,NULL,vehicle_location_restricted_lane,-1,6,30/07/2026
2.02446E+12,2024,461528115,46,2,NULL,vehicle_location_restricted_lane,-1,6,30/07/2026
2.02446E+12,2024,461528115,46,3,NULL,vehicle_location_restricted_lane,-1,6,30/07/2026
2.02446E+12,2024,461531844,46,2,NULL,vehicle_location_restricted_lane,-1,6,30/07/2026
2.02446E+12,2024,461532648,46,2,NULL,vehicle_location_restricted_lane,-1,6,30/07/2026
2.02446E+12,2024,461532648,46,1,NULL,vehicle_location_restricted_lane,-1,6,30/07/2026
2.02446E+12,2024,461534171,46,3,NULL,vehicle_location_restricted_lane,-1,6,30/07/2026
2.02446E+12,2024,461534229,46,4,NULL,vehicle_location_restricted_lane,-1,6,30/07/2026
2.02447E+12,2024,471400435,47,2,NULL,vehicle_location_restricted_lane,-1,6,30/07/2026
2.02447E+12,2024,471401854,47,1,NULL,vehicle_location_restricted_lane,-1,6,30/07/2026
2.02447E+12,2024,471403933,47,2,NULL,vehicle_location_restricted_lane,-1,6,30/07/2026
2.02447E+12,2024,471405204,47,2,NULL,vehicle_location_restricted_lane,-1,6,30/07/2026
2.02447E+12,2024,471405204,47,4,NULL,vehicle_location_restricted_lane,-1,6,30/07/2026
2.02447E+12,2024,471405204,47,3,NULL,vehicle_location_restricted_lane,-1,6,30/07/2026
2.02447E+12,2024,471406213,47,1,NULL,vehicle_location_restricted_lane,-1,6,30/07/2026
2.02447E+12,2024,471410732,47,2,NULL,vehicle_location_restricted_lane,-1,6,30/07/2026
2.02447E+12,2024,471410732,47,1,NULL,vehicle_location_restricted_lane,-1,6,30/07/2026
2.02447E+12,2024,471410941,47,2,NULL,vehicle_location_restricted_lane,-1,6,30/07/2026
2.02447E+12,2024,471412584,47,1,NULL,vehicle_location_restricted_lane,-1,6,30/07/2026
2.02447E+12,2024,471413798,47,2,NULL,vehicle_location_restricted_lane,-1,6,30/07/2026
2.02447E+12,2024,471413798,47,1,NULL,vehicle_location_restricted_lane,-1,6,30/07/2026
2.02447E+12,2024,471416027,47,11,NULL,vehicle_location_restricted_lane,-1,6,30/07/2026
2.02447E+12,2024,471418341,47,1,NULL,vehicle_location_restricted_lane,-1,6,30/07/2026
2.02447E+12,2024,471420842,47,1,NULL,vehicle_location_restricted_lane,-1,6,30/07/2026
2.02447E+12,2024,471424514,47,1,NULL,vehicle_location_restricted_lane,-1,6,30/07/2026
2.02447E+12,2024,471427107,47,4,NULL,vehicle_location_restricted_lane,-1,6,30/07/2026
2.02447E+12,2024,471435821,47,4,NULL,vehicle_location_restricted_lane,-1,6,30/07/2026
2.02447E+12,2024,471435821,47,3,NULL,vehicle_location_restricted_lane,-1,6,30/07/2026
2.02447E+12,2024,471436210,47,2,NULL,vehicle_location_restricted_lane,-1,6,30/07/2026
2.02447E+12,2024,471438516,47,1,NULL,vehicle_location_restricted_lane,-1,6,30/07/2026
2.02447E+12,2024,471439932,47,1,NULL,vehicle_location_restricted_lane,-1,6,30/07/2026
2.02447E+12,2024,471439932,47,2,NULL,vehicle_location_restricted_lane,-1,6,30/07/2026
2.02447E+12,2024,471442742,47,2,NULL,vehicle_location_restricted_lane,-1,6,30/07/2026
2.02447E+12,2024,471442807,47,3,NULL,vehicle_location_restricted_lane,-1,6,30/07/2026
2.02447E+12,2024,471443621,47,2,NULL,vehicle_location_restricted_lane,-1,6,30/07/2026
2.02447E+12,2024,471443621,47,1,NULL,vehicle_location_restricted_lane,-1,6,30/07/2026
2.02447E+12,2024,471448981,47,1,NULL,vehicle_location_restricted_lane,-1,6,30/07/2026
2.02447E+12,2024,471450488,47,1,NULL,vehicle_location_restricted_lane,-1,6,30/07/2026
2.02447E+12,2024,471455252,47,2,NULL,vehicle_location_restricted_lane,-1,6,30/07/2026
2.02447E+12,2024,471456705,47,2,NULL,vehicle_location_restricted_lane,-1,6,30/07/2026
2.02447E+12,2024,471460075,47,2,NULL,vehicle_location_restricted_lane,-1,6,30/07/2026
2.02447E+12,2024,471460488,47,1,NULL,vehicle_location_restricted_lane,-1,6,30/07/2026
2.02447E+12,2024,471467199,47,2,NULL,vehicle_location_restricted_lane,-1,6,30/07/2026
2.02447E+12,2024,471467199,47,3,NULL,vehicle_location_restricted_lane,-1,6,30/07/2026
2.02447E+12,2024,471467568,47,1,NULL,vehicle_location_restricted_lane,-1,6,30/07/2026
2.02447E+12,2024,471472960,47,2,NULL,vehicle_location_restricted_lane,-1,6,30/07/2026
2.02447E+12,2024,471472960,47,3,NULL,vehicle_location_restricted_lane,-1,6,30/07/2026
2.02447E+12,2024,471476579,47,1,NULL,vehicle_location_restricted_lane,-1,6,30/07/2026
2.02447E+12,2024,471478305,47,2,NULL,vehicle_location_restricted_lane,-1,6,30/07/2026
2.02447E+12,2024,471478305,47,4,NULL,vehicle_location_restricted_lane,-1,6,30/07/2026
2.02447E+12,2024,471478305,47,3,NULL,vehicle_location_restricted_lane,-1,6,30/07/2026
2.02447E+12,2024,471480428,47,3,NULL,vehicle_location_restricted_lane,-1,6,30/07/2026
2.02447E+12,2024,471480428,47,1,NULL,vehicle_location_restricted_lane,-1,6,30/07/2026
2.02447E+12,2024,471480888,47,1,NULL,vehicle_location_restricted_lane,-1,6,30/07/2026
2.02447E+12,2024,471481083,47,4,NULL,vehicle_location_restricted_lane,-1,6,30/07/2026
2.02447E+12,2024,471481083,47,3,NULL,vehicle_location_restricted_lane,-1,6,30/07/2026
2.02447E+12,2024,471482623,47,1,NULL,vehicle_location_restricted_lane,-1,6,30/07/2026
2.02447E+12,2024,471483214,47,2,NULL,vehicle_location_restricted_lane,-1,6,30/07/2026
2.02447E+12,2024,471485697,47,3,NULL,vehicle_location_restricted_lane,-1,6,30/07/2026
2.02447E+12,2024,471486530,47,1,NULL,vehicle_location_restricted_lane,-1,6,30/07/2026
2.02447E+12,2024,471488759,47,1,NULL,vehicle_location_restricted_lane,-1,6,30/07/2026
2.02447E+12,2024,471494028,47,3,NULL,vehicle_location_restricted_lane,-1,6,30/07/2026
2.02447E+12,2024,471496565,47,3,NULL,vehicle_location_restricted_lane,-1,6,30/07/2026
2.02447E+12,2024,471497798,47,2,NULL,vehicle_location_restricted_lane,-1,6,30/07/2026
2.02447E+12,2024,471497859,47,1,NULL,vehicle_location_restricted_lane,-1,6,30/07/2026
2.02447E+12,2024,471497859,47,2,NULL,vehicle_location_restricted_lane,-1,6,30/07/2026
2.02447E+12,2024,471497859,47,3,NULL,vehicle_location_restricted_lane,-1,6,30/07/2026
2.02447E+12,2024,471504743,47,1,NULL,vehicle_location_restricted_lane,-1,6,30/07/2026
2.02447E+12,2024,471505140,47,3,NULL,vehicle_location_restricted_lane,-1,6,30/07/2026
2.02447E+12,2024,471507682,47,1,NULL,vehicle_location_restricted_lane,-1,6,30/07/2026
2.02447E+12,2024,471508081,47,1,NULL,vehicle_location_restricted_lane,-1,6,30/07/2026
2.02447E+12,2024,471508449,47,2,NULL,vehicle_location_restricted_lane,-1,6,30/07/2026
2.02447E+12,2024,471508558,47,2,NULL,vehicle_location_restricted_lane,-1,6,30/07/2026
2.02447E+12,2024,471513628,47,3,NULL,vehicle_location_restricted_lane,-1,6,30/07/2026
2.02447E+12,2024,471520172,47,1,NULL,vehicle_location_restricted_lane,-1,6,30/07/2026
2.02447E+12,2024,471520172,47,2,NULL,vehicle_location_restricted_lane,-1,6,30/07/2026
2.02447E+12,2024,471525736,47,2,NULL,vehicle_location_restricted_lane,-1,6,30/07/2026
2.02447E+12,2024,471527901,47,1,NULL,vehicle_location_restricted_lane,-1,6,30/07/2026
2.02447E+12,2024,471535548,47,2,NULL,vehicle_location_restricted_lane,-1,6,30/07/2026
2.0245E+12,2024,501393676,50,2,NULL,vehicle_location_restricted_lane,-1,6,30/07/2026
2.0245E+12,2024,501397362,50,1,NULL,vehicle_location_restricted_lane,-1,6,30/07/2026
2.0245E+12,2024,501405928,50,2,NULL,vehicle_location_restricted_lane,-1,6,30/07/2026
2.0245E+12,2024,501405928,50,1,NULL,vehicle_location_restricted_lane,-1,6,30/07/2026
2.0245E+12,2024,501405976,50,4,NULL,vehicle_location_restricted_lane,-1,6,30/07/2026
2.0245E+12,2024,501405976,50,3,NULL,vehicle_location_restricted_lane,-1,6,30/07/2026
2.0245E+12,2024,501414263,50,1,NULL,vehicle_location_restricted_lane,-1,6,30/07/2026
2.0245E+12,2024,501414263,50,2,NULL,vehicle_location_restricted_lane,-1,6,30/07/2026
2.0245E+12,2024,501420504,50,1,NULL,vehicle_location_restricted_lane,-1,6,30/07/2026
2.0245E+12,2024,501420864,50,1,NULL,vehicle_location_restricted_lane,-1,6,30/07/2026
2.0245E+12,2024,501425583,50,2,NULL,vehicle_location_restricted_lane,-1,6,30/07/2026
2.0245E+12,2024,501425583,50,1,NULL,vehicle_location_restricted_lane,-1,6,30/07/2026
2.0245E+12,2024,501433210,50,1,NULL,vehicle_location_restricted_lane,-1,6,30/07/2026
2.0245E+12,2024,501438965,50,2,NULL,vehicle_location_restricted_lane,-1,6,30/07/2026
2.0245E+12,2024,501440104,50,1,NULL,vehicle_location_restricted_lane,-1,6,30/07/2026
2.0245E+12,2024,501444789,50,2,NULL,vehicle_location_restricted_lane,-1,6,30/07/2026
2.0245E+12,2024,501444789,50,1,NULL,vehicle_location_restricted_lane,-1,6,30/07/2026
2.0245E+12,2024,501445712,50,1,NULL,vehicle_location_restricted_lane,-1,6,30/07/2026
2.0245E+12,2024,501448548,50,1,NULL,vehicle_location_restricted_lane,-1,6,30/07/2026
2.0245E+12,2024,501467731,50,1,NULL,vehicle_location_restricted_lane,-1,6,30/07/2026
2.0245E+12,2024,501477071,50,1,NULL,vehicle_location_restricted_lane,-1,6,30/07/2026
2.0245E+12,2024,501477798,50,1,NULL,vehicle_location_restricted_lane,-1,6,30/07/2026
2.0245E+12,2024,501483824,50,1,NULL,vehicle_location_restricted_lane,-1,6,30/07/2026
2.0245E+12,2024,501484479,50,3,NULL,vehicle_location_restricted_lane,-1,6,30/07/2026
2.0245E+12,2024,501491941,50,1,NULL,vehicle_location_restricted_lane,-1,6,30/07/2026
2.0245E+12,2024,501495170,50,2,NULL,vehicle_location_restricted_lane,-1,6,30/07/2026
2.0245E+12,2024,501495170,50,3,NULL,vehicle_location_restricted_lane,-1,6,30/07/2026
2.0245E+12,2024,501495751,50,1,NULL,vehicle_location_restricted_lane,-1,6,30/07/2026
2.0245E+12,2024,501498786,50,1,NULL,vehicle_location_restricted_lane,-1,6,30/07/2026
2.0245E+12,2024,501501800,50,1,NULL,vehicle_location_restricted_lane,-1,6,30/07/2026
2.0245E+12,2024,501503782,50,1,NULL,vehicle_location_restricted_lane,-1,6,30/07/2026
2.0245E+12,2024,501515651,50,1,NULL,vehicle_location_restricted_lane,-1,6,30/07/2026
2.0245E+12,2024,501517205,50,2,NULL,vehicle_location_restricted_lane,-1,6,30/07/2026
2.0245E+12,2024,501517205,50,3,NULL,vehicle_location_restricted_lane,-1,6,30/07/2026
2.0245E+12,2024,501522433,50,2,NULL,vehicle_location_restricted_lane,-1,6,30/07/2026
2.0245E+12,2024,501529409,50,2,NULL,vehicle_location_restricted_lane,-1,6,30/07/2026
2.0245E+12,2024,501533595,50,1,NULL,vehicle_location_restricted_lane,-1,6,30/07/2026
2.02453E+12,2024,531477945,53,2,NULL,vehicle_location_restricted_lane,-1,6,30/07/2026
2.02453E+12,2024,531517936,53,1,NULL,vehicle_location_restricted_lane,-1,6,30/07/2026
2.02463E+12,2024,631395245,63,1,NULL,vehicle_location_restricted_lane,-1,6,30/07/2026
2.02463E+12,2024,631398633,63,2,NULL,vehicle_location_restricted_lane,-1,6,30/07/2026
2.02463E+12,2024,631406955,63,3,NULL,vehicle_location_restricted_lane,-1,6,30/07/2026
2.02463E+12,2024,631414841,63,5,NULL,vehicle_location_restricted_lane,-1,6,30/07/2026
2.02463E+12,2024,631414841,63,4,NULL,vehicle_location_restricted_lane,-1,6,30/07/2026
2.02463E+12,2024,631414841,63,3,NULL,vehicle_location_restricted_lane,-1,6,30/07/2026
2.02463E+12,2024,631421061,63,1,NULL,vehicle_location_restricted_lane,-1,6,30/07/2026
2.02463E+12,2024,631428149,63,1,NULL,vehicle_location_restricted_lane,-1,6,30/07/2026
2.02463E+12,2024,631442863,63,2,NULL,vehicle_location_restricted_lane,-1,6,30/07/2026
2.02463E+12,2024,631442863,63,3,NULL,vehicle_location_restricted_lane,-1,6,30/07/2026
2.02463E+12,2024,631456802,63,4,NULL,vehicle_location_restricted_lane,-1,6,30/07/2026
2.02463E+12,2024,631481200,63,1,NULL,vehicle_location_restricted_lane,-1,6,30/07/2026
2.02463E+12,2024,631482031,63,2,NULL,vehicle_location_restricted_lane,-1,6,30/07/2026
2.02463E+12,2024,631482031,63,3,NULL,vehicle_location_restricted_lane,-1,6,30/07/2026
2.02463E+12,2024,631483121,63,1,NULL,vehicle_location_restricted_lane,-1,6,30/07/2026
2.02463E+12,2024,631530775,63,2,NULL,vehicle_location_restricted_lane,-1,6,30/07/2026
2.02463E+12,2024,631535349,63,1,NULL,vehicle_location_restricted_lane,-1,6,30/07/2026
2.02463E+12,2024,631535349,63,2,NULL,vehicle_location_restricted_lane,-1,6,30/07/2026
2.02499E+12,2024,991395217,99,1,NULL,vehicle_location_restricted_lane,-1,6,30/07/2026
2.02499E+12,2024,991399482,99,3,NULL,vehicle_location_restricted_lane,-1,6,30/07/2026
2.02499E+12,2024,991401149,99,2,NULL,vehicle_location_restricted_lane,-1,6,30/07/2026
2.02499E+12,2024,991409684,99,1,NULL,vehicle_location_restricted_lane,-1,6,30/07/2026
2.02499E+12,2024,991410413,99,1,NULL,vehicle_location_restricted_lane,-1,6,30/07/2026
2.02499E+12,2024,991412544,99,1,NULL,vehicle_location_restricted_lane,-1,6,30/07/2026
2.02499E+12,2024,991413629,99,1,NULL,vehicle_location_restricted_lane,-1,6,30/07/2026
2.02499E+12,2024,991416187,99,2,NULL,vehicle_location_restricted_lane,-1,6,30/07/2026
2.02499E+12,2024,991417383,99,3,NULL,vehicle_location_restricted_lane,-1,6,30/07/2026
2.02499E+12,2024,991421985,99,2,NULL,vehicle_location_restricted_lane,-1,6,30/07/2026
2.02499E+12,2024,991421985,99,3,NULL,vehicle_location_restricted_lane,-1,6,30/07/2026
2.02499E+12,2024,991424276,99,1,NULL,vehicle_location_restricted_lane,-1,6,30/07/2026
2.02499E+12,2024,991424276,99,2,NULL,vehicle_location_restricted_lane,-1,6,30/07/2026
2.02499E+12,2024,991426996,99,1,NULL,vehicle_location_restricted_lane,-1,6,30/07/2026
2.02499E+12,2024,991436055,99,1,NULL,vehicle_location_restricted_lane,-1,6,30/07/2026
2.02499E+12,2024,991437188,99,1,NULL,vehicle_location_restricted_lane,-1,6,30/07/2026
2.02499E+12,2024,991438982,99,1,NULL,vehicle_location_restricted_lane,-1,6,30/07/2026
2.02499E+12,2024,991438982,99,2,NULL,vehicle_location_restricted_lane,-1,6,30/07/2026
2.02499E+12,2024,991448607,99,2,NULL,vehicle_location_restricted_lane,-1,6,30/07/2026
2.02499E+12,2024,991449710,99,1,NULL,vehicle_location_restricted_lane,-1,6,30/07/2026
2.02499E+12,2024,991450086,99,2,NULL,vehicle_location_restricted_lane,-1,6,30/07/2026
2.02499E+12,2024,991450086,99,3,NULL,vehicle_location_restricted_lane,-1,6,30/07/2026
2.02499E+12,2024,991451012,99,2,NULL,vehicle_location_restricted_lane,-1,6,30/07/2026
2.02499E+12,2024,991451225,99,1,NULL,vehicle_location_restricted_lane,-1,6,30/07/2026
2.02499E+12,2024,991451231,99,1,NULL,vehicle_location_restricted_lane,-1,6,30/07/2026
2.02499E+12,2024,991453659,99,2,NULL,vehicle_location_restricted_lane,-1,6,30/07/2026
2.02499E+12,2024,991460987,99,1,NULL,vehicle_location_restricted_lane,-1,6,30/07/2026
2.02499E+12,2024,991468397,99,1,NULL,vehicle_location_restricted_lane,-1,6,30/07/2026
2.02499E+12,2024,991471416,99,2,NULL,vehicle_location_restricted_lane,-1,6,30/07/2026
2.02499E+12,2024,991471827,99,2,NULL,vehicle_location_restricted_lane,-1,6,30/07/2026
2.02499E+12,2024,991471827,99,3,NULL,vehicle_location_restricted_lane,-1,6,30/07/2026
2.02499E+12,2024,991472546,99,1,NULL,vehicle_location_restricted_lane,-1,6,30/07/2026
2.02499E+12,2024,991473989,99,1,NULL,vehicle_location_restricted_lane,-1,6,30/07/2026
2.02499E+12,2024,991477532,99,3,NULL,vehicle_location_restricted_lane,-1,6,30/07/2026
2.02499E+12,2024,991484723,99,1,NULL,vehicle_location_restricted_lane,-1,6,30/07/2026
2.02499E+12,2024,991490030,99,1,NULL,vehicle_location_restricted_lane,-1,6,30/07/2026
2.02499E+12,2024,991490030,99,2,NULL,vehicle_location_restricted_lane,-1,6,30/07/2026
2.02499E+12,2024,991490616,99,1,NULL,vehicle_location_restricted_lane,-1,6,30/07/2026
2.02499E+12,2024,991491987,99,1,NULL,vehicle_location_restricted_lane,-1,6,30/07/2026
2.02499E+12,2024,991493665,99,1,NULL,vehicle_location_restricted_lane,-1,6,30/07/2026
2.02499E+12,2024,991495525,99,1,NULL,vehicle_location_restricted_lane,-1,6,30/07/2026
2.02499E+12,2024,991496153,99,1,NULL,vehicle_location_restricted_lane,-1,6,30/07/2026
2.02499E+12,2024,991498323,99,1,NULL,vehicle_location_restricted_lane,-1,6,30/07/2026
2.02499E+12,2024,991499347,99,1,NULL,vehicle_location_restricted_lane,-1,6,30/07/2026
2.02499E+12,2024,991502756,99,1,NULL,vehicle_location_restricted_lane,-1,6,30/07/2026
2.02499E+12,2024,991507851,99,2,NULL,vehicle_location_restricted_lane,-1,6,30/07/2026
2.02499E+12,2024,991509664,99,1,NULL,vehicle_location_restricted_lane,-1,6,30/07/2026
2.02499E+12,2024,991509664,99,4,NULL,vehicle_location_restricted_lane,-1,6,30/07/2026
2.02499E+12,2024,991509664,99,2,NULL,vehicle_location_restricted_lane,-1,6,30/07/2026
2.02499E+12,2024,991510098,99,2,NULL,vehicle_location_restricted_lane,-1,6,30/07/2026
2.02499E+12,2024,991510665,99,1,NULL,vehicle_location_restricted_lane,-1,6,30/07/2026
2.02499E+12,2024,991531911,99,2,NULL,vehicle_location_restricted_lane,-1,6,30/07/2026
2.02499E+12,2024,991531911,99,1,NULL,vehicle_location_restricted_lane,-1,6,30/07/2026
2.02499E+12,2024,991534653,99,2,NULL,vehicle_location_restricted_lane,-1,6,30/07/2026
2.02499E+12,2024,991535723,99,1,NULL,vehicle_location_restricted_lane,-1,6,30/07/2026
