seed,model,metric,direction,random_internal_point,same_random_model_2024_point,optimism_gap,optimism_gap_ci_lower,optimism_gap_ci_upper,positive_gap_means,resampling_relation,confidence_level,bootstrap_iterations
1103,dummy_most_frequent,macro_f1,higher_is_better,0.2920426196637989,0.28606499420199677,0.0059776254618021385,0.0059776254618021385,0.0059776254618021385,random_internal_more_optimistic,independent_test_samples,0.95,2000
1103,dummy_most_frequent,qwk,higher_is_better,0.0,0.0,0.0,0.0,0.0,random_internal_more_optimistic,independent_test_samples,0.95,2000
1103,dummy_most_frequent,ordinal_mae,lower_is_better,0.23493900921085387,0.26326949181091286,0.028330482600058993,0.028330482600058993,0.028330482600058993,random_internal_more_optimistic,independent_test_samples,0.95,2000
1103,dummy_most_frequent,accuracy,higher_is_better,0.779561862086134,0.7516125516462394,0.02794931043989457,0.02794931043989457,0.02794931043989457,random_internal_more_optimistic,independent_test_samples,0.95,2000
1103,dummy_most_frequent,fatal_recall,higher_is_better,0.0,0.0,0.0,0.0,0.0,random_internal_more_optimistic,independent_test_samples,0.95,2000
1103,dummy_most_frequent,serious_or_fatal_recall,higher_is_better,0.0,0.0,0.0,0.0,0.0,random_internal_more_optimistic,independent_test_samples,0.95,2000
1103,dummy_most_frequent,mean_asymmetric_cost,lower_is_better,0.4843788897186955,0.5414210270789779,0.05704213736028235,0.05704213736028235,0.05704213736028235,random_internal_more_optimistic,independent_test_samples,0.95,2000
1103,logistic_unweighted,macro_f1,higher_is_better,0.2921156138681074,0.2860628412827707,0.006052772585336708,0.005949091450847585,0.006178162194626688,random_internal_more_optimistic,independent_test_samples,0.95,2000
1103,logistic_unweighted,qwk,higher_is_better,-9.655281795595272e-05,-1.7803230921042967e-05,-7.874958703490975e-05,-0.0003049504844242379,0.00017949586276055075,random_internal_more_optimistic,independent_test_samples,0.95,2000
1103,logistic_unweighted,ordinal_mae,lower_is_better,0.23506348020911128,0.263279399962349,0.028215919753237728,0.028123030936296645,0.02829936485049464,random_internal_more_optimistic,independent_test_samples,0.95,2000
1103,logistic_unweighted,accuracy,higher_is_better,0.7794373910878766,0.7516026434948032,0.02783474759307336,0.027741858776132222,0.027918192690330135,random_internal_more_optimistic,independent_test_samples,0.95,2000
1103,logistic_unweighted,fatal_recall,higher_is_better,0.0,0.0,0.0,0.0,0.0,random_internal_more_optimistic,independent_test_samples,0.95,2000
1103,logistic_unweighted,serious_or_fatal_recall,higher_is_better,0.0001411631846414455,0.0,0.0001411631846414455,0.0,0.00028350272915489666,random_internal_more_optimistic,independent_test_samples,0.95,2000
1103,logistic_unweighted,mean_asymmetric_cost,lower_is_better,0.4844722429673886,0.5414309352304141,0.05695869226302547,0.05685543086289624,0.05706242970570044,random_internal_more_optimistic,independent_test_samples,0.95,2000
1103,logistic_weighted,macro_f1,higher_is_better,0.323643796360964,0.3481848936525264,-0.024541097291562397,-0.02811807675227357,-0.020583620604849587,random_internal_more_optimistic,independent_test_samples,0.95,2000
1103,logistic_weighted,qwk,higher_is_better,0.09809163319283054,0.07606595824102413,0.022025674951806407,0.014319251462122174,0.029766817200889653,random_internal_more_optimistic,independent_test_samples,0.95,2000
1103,logistic_weighted,ordinal_mae,lower_is_better,0.6987698116338893,0.4566567915424019,-0.24211302009148739,-0.2481090571910299,-0.23592818680603858,random_internal_more_optimistic,independent_test_samples,0.95,2000
1103,logistic_weighted,accuracy,higher_is_better,0.4824080989129533,0.6239955611481566,-0.1415874622352033,-0.14549669677124993,-0.13755403658551996,random_internal_more_optimistic,independent_test_samples,0.95,2000
1103,logistic_weighted,fatal_recall,higher_is_better,0.6587982832618026,0.3129161118508655,0.3458821714109371,0.31287972736399156,0.3798249687112462,random_internal_more_optimistic,independent_test_samples,0.95,2000
1103,logistic_weighted,serious_or_fatal_recall,higher_is_better,0.6165066817240731,0.2880848857154254,0.3284217960086477,0.31973445526372063,0.33706292423800577,random_internal_more_optimistic,independent_test_samples,0.95,2000
1103,logistic_weighted,mean_asymmetric_cost,lower_is_better,0.793201808978508,0.6539379947883124,-0.13926381419019562,-0.14603546177315918,-0.13235906513045936,random_internal_more_optimistic,independent_test_samples,0.95,2000
1103,ordered_logit_unweighted,macro_f1,higher_is_better,0.2922842113014773,0.2863531131415093,0.005931098159968007,0.005662229993033075,0.0062018848661481675,random_internal_more_optimistic,independent_test_samples,0.95,2000
1103,ordered_logit_unweighted,qwk,higher_is_better,0.00015373350433112165,0.0004090958539844092,-0.0002553623496532875,-0.0008694450777146339,0.00040807209986292646,random_internal_more_optimistic,independent_test_samples,0.95,2000
1103,ordered_logit_unweighted,ordinal_mae,lower_is_better,0.2351983237905568,0.2632199510537319,0.028021627263175114,0.027858916954428714,0.028176287147492984,random_internal_more_optimistic,independent_test_samples,0.95,2000
1103,ordered_logit_unweighted,accuracy,higher_is_better,0.7792818023400547,0.7516620924034203,0.02761970993663443,0.027457928491391947,0.027774369820952383,random_internal_more_optimistic,independent_test_samples,0.95,2000
1103,ordered_logit_unweighted,fatal_recall,higher_is_better,0.0,0.0,0.0,0.0,0.0,random_internal_more_optimistic,independent_test_samples,0.95,2000
1103,ordered_logit_unweighted,serious_or_fatal_recall,higher_is_better,0.0005175983436853002,0.00039889903865331685,0.00011869930503198339,-0.00025773585401187135,0.0005024006413107272,random_internal_more_optimistic,independent_test_samples,0.95,2000
1103,ordered_logit_unweighted,mean_asymmetric_cost,lower_is_better,0.48452410588332917,0.5412724048074351,0.05674829892410593,0.056527985822956345,0.0569638242338843,random_internal_more_optimistic,independent_test_samples,0.95,2000
1103,lightgbm_weighted,macro_f1,higher_is_better,0.35311614153981535,0.3627228537088228,-0.009606712169007436,-0.014238023636298567,-0.00495367846256331,random_internal_more_optimistic,independent_test_samples,0.95,2000
1103,lightgbm_weighted,qwk,higher_is_better,0.11647039804804415,0.0706124692654333,0.04585792878261086,0.037559477442062686,0.05423352447109027,random_internal_more_optimistic,independent_test_samples,0.95,2000
1103,lightgbm_weighted,ordinal_mae,lower_is_better,0.5398618371919343,0.39266994956750917,-0.1471918876244251,-0.152189048243984,-0.14216033706691322,random_internal_more_optimistic,independent_test_samples,0.95,2000
1103,lightgbm_weighted,accuracy,higher_is_better,0.5435752219732802,0.6447234139526589,-0.10114819197937863,-0.10484511809438618,-0.09705594268506267,random_internal_more_optimistic,independent_test_samples,0.95,2000
1103,lightgbm_weighted,fatal_recall,higher_is_better,0.382689556509299,0.1218375499334221,0.26085200657587687,0.2314310533023208,0.2909431440006553,random_internal_more_optimistic,independent_test_samples,0.95,2000
1103,lightgbm_weighted,serious_or_fatal_recall,higher_is_better,0.5479954827780915,0.27667637320994054,0.271319109568151,0.26280173811377905,0.27988267392349087,random_internal_more_optimistic,independent_test_samples,0.95,2000
1103,lightgbm_weighted,mean_asymmetric_cost,lower_is_better,0.657403949879678,0.59847216304854,-0.05893178683113798,-0.06519683733865732,-0.05285376588832335,random_internal_more_optimistic,independent_test_samples,0.95,2000
2207,dummy_most_frequent,macro_f1,higher_is_better,0.2920426196637989,0.28606499420199677,0.0059776254618021385,0.0059776254618021385,0.0059776254618021385,random_internal_more_optimistic,independent_test_samples,0.95,2000
2207,dummy_most_frequent,qwk,higher_is_better,0.0,0.0,0.0,0.0,0.0,random_internal_more_optimistic,independent_test_samples,0.95,2000
2207,dummy_most_frequent,ordinal_mae,lower_is_better,0.23493900921085387,0.26326949181091286,0.028330482600058993,0.028330482600058993,0.028330482600058993,random_internal_more_optimistic,independent_test_samples,0.95,2000
2207,dummy_most_frequent,accuracy,higher_is_better,0.779561862086134,0.7516125516462394,0.02794931043989457,0.02794931043989457,0.02794931043989457,random_internal_more_optimistic,independent_test_samples,0.95,2000
2207,dummy_most_frequent,fatal_recall,higher_is_better,0.0,0.0,0.0,0.0,0.0,random_internal_more_optimistic,independent_test_samples,0.95,2000
2207,dummy_most_frequent,serious_or_fatal_recall,higher_is_better,0.0,0.0,0.0,0.0,0.0,random_internal_more_optimistic,independent_test_samples,0.95,2000
2207,dummy_most_frequent,mean_asymmetric_cost,lower_is_better,0.4843788897186955,0.5414210270789779,0.05704213736028235,0.05704213736028235,0.05704213736028235,random_internal_more_optimistic,independent_test_samples,0.95,2000
2207,logistic_unweighted,macro_f1,higher_is_better,0.29212387807338036,0.2860628412827707,0.006061036790609653,0.005955756666601375,0.006193811793571147,random_internal_more_optimistic,independent_test_samples,0.95,2000
2207,logistic_unweighted,qwk,higher_is_better,9.750548881570786e-05,-1.7803230921042967e-05,0.00011530871973675083,-0.00019897777861666022,0.0004937432571207128,random_internal_more_optimistic,independent_test_samples,0.95,2000
2207,logistic_unweighted,ordinal_mae,lower_is_better,0.2350219898763588,0.263279399962349,0.028257410085990198,0.02817440619889766,0.028339009067033183,random_internal_more_optimistic,independent_test_samples,0.95,2000
2207,logistic_unweighted,accuracy,higher_is_better,0.7794685088374409,0.7516026434948032,0.027865865342637686,0.027782884677132746,0.027946999891928753,random_internal_more_optimistic,independent_test_samples,0.95,2000
2207,logistic_unweighted,fatal_recall,higher_is_better,0.0,0.0,0.0,0.0,0.0,random_internal_more_optimistic,independent_test_samples,0.95,2000
2207,logistic_unweighted,serious_or_fatal_recall,higher_is_better,0.00018821757952192734,0.0,0.00018821757952192734,4.7054394880481836e-05,0.0003764351590438547,random_internal_more_optimistic,independent_test_samples,0.95,2000
2207,logistic_unweighted,mean_asymmetric_cost,lower_is_better,0.484420380051448,0.5414309352304141,0.05701055517896608,0.05690681773629111,0.057114745442599146,random_internal_more_optimistic,independent_test_samples,0.95,2000
2207,logistic_weighted,macro_f1,higher_is_better,0.32304628350578035,0.3378647960969738,-0.014818512591193433,-0.018680257818996196,-0.010935631084158152,random_internal_more_optimistic,independent_test_samples,0.95,2000
2207,logistic_weighted,qwk,higher_is_better,0.09924119748503124,0.04669234832444413,0.05254884916058711,0.04448288819390859,0.06023659700669714,random_internal_more_optimistic,independent_test_samples,0.95,2000
2207,logistic_weighted,ordinal_mae,lower_is_better,0.6980541033939092,0.4311234852913492,-0.26693061810255997,-0.27283124811729403,-0.2611559281020085,random_internal_more_optimistic,independent_test_samples,0.95,2000
2207,logistic_weighted,accuracy,higher_is_better,0.4837357895610323,0.6413150098586107,-0.15757922029757837,-0.16148974831048318,-0.1537152737077051,random_internal_more_optimistic,independent_test_samples,0.95,2000
2207,logistic_weighted,fatal_recall,higher_is_better,0.6394849785407726,0.22237017310252996,0.41711480543824264,0.38310359673034905,0.4493504845232584,random_internal_more_optimistic,independent_test_samples,0.95,2000
2207,logistic_weighted,serious_or_fatal_recall,higher_is_better,0.6167890080933559,0.22306434241493478,0.3937246656784211,0.3850715869954619,0.40226923122822833,random_internal_more_optimistic,independent_test_samples,0.95,2000
2207,logistic_weighted,mean_asymmetric_cost,lower_is_better,0.7929839847315575,0.6472499925688864,-0.14573399216267113,-0.15248317316024643,-0.13898864149377177,random_internal_more_optimistic,independent_test_samples,0.95,2000
2207,ordered_logit_unweighted,macro_f1,higher_is_better,0.2926362331795545,0.28627156710611473,0.006364666073439773,0.006034223226185206,0.006701553428836675,random_internal_more_optimistic,independent_test_samples,0.95,2000
2207,ordered_logit_unweighted,qwk,higher_is_better,0.001488589320126188,0.0004305180668999764,0.0010580712532262115,0.00019375017486304713,0.0019802395337028453,random_internal_more_optimistic,independent_test_samples,0.95,2000
2207,ordered_logit_unweighted,ordinal_mae,lower_is_better,0.23492863662766575,0.2632100429022957,0.028281406274629967,0.028125353095056288,0.028427098481809326,random_internal_more_optimistic,independent_test_samples,0.95,2000
2207,ordered_logit_unweighted,accuracy,higher_is_better,0.7795099991701934,0.7516620924034203,0.027847906766773067,0.02770361946564326,0.027990347951688893,random_internal_more_optimistic,independent_test_samples,0.95,2000
2207,ordered_logit_unweighted,fatal_recall,higher_is_better,0.0,0.0,0.0,0.0,0.0,random_internal_more_optimistic,independent_test_samples,0.95,2000
2207,ordered_logit_unweighted,serious_or_fatal_recall,higher_is_better,0.001129305477131564,0.0003191192309226535,0.0008101862462089105,0.00031408137556906084,0.0013062911168487603,random_internal_more_optimistic,independent_test_samples,0.95,2000
2207,ordered_logit_unweighted,mean_asymmetric_cost,lower_is_better,0.4841195751389926,0.5412823129588713,0.057162737819878684,0.05691518911861965,0.0574070471096679,random_internal_more_optimistic,independent_test_samples,0.95,2000
2207,lightgbm_weighted,macro_f1,higher_is_better,0.3543631163244017,0.3584315969705118,-0.004068480646110095,-0.008688132426411923,0.0006260639344280611,random_internal_more_optimistic,independent_test_samples,0.95,2000
2207,lightgbm_weighted,qwk,higher_is_better,0.1175102410499751,0.06398466948197434,0.05352557156800075,0.045016899940808076,0.06247679811706038,random_internal_more_optimistic,independent_test_samples,0.95,2000
2207,lightgbm_weighted,ordinal_mae,lower_is_better,0.5391150112023898,0.38621974298255174,-0.15289526821983807,-0.15768077166338854,-0.1480552912122868,random_internal_more_optimistic,independent_test_samples,0.95,2000
2207,lightgbm_weighted,accuracy,higher_is_better,0.5466869969297153,0.6511934368404887,-0.10450643991077335,-0.10837567626936151,-0.10066718369061269,random_internal_more_optimistic,independent_test_samples,0.95,2000
2207,lightgbm_weighted,fatal_recall,higher_is_better,0.39413447782546496,0.1151797603195739,0.27895471750589107,0.250170683247325,0.308934653652069,random_internal_more_optimistic,independent_test_samples,0.95,2000
2207,lightgbm_weighted,serious_or_fatal_recall,higher_is_better,0.5450310559006211,0.25186485300570427,0.2931662028949168,0.2847158297550107,0.3017714627297396,random_internal_more_optimistic,independent_test_samples,0.95,2000
2207,lightgbm_weighted,mean_asymmetric_cost,lower_is_better,0.6569786739689653,0.5983829896856143,-0.058595684283350935,-0.06441712935497536,-0.05262993795657566,random_internal_more_optimistic,independent_test_samples,0.95,2000
3301,dummy_most_frequent,macro_f1,higher_is_better,0.2920448032329826,0.28606499420199677,0.005979809030985828,0.005979809030985828,0.005979809030985828,random_internal_more_optimistic,independent_test_samples,0.95,2000
3301,dummy_most_frequent,qwk,higher_is_better,0.0,0.0,0.0,0.0,0.0,random_internal_more_optimistic,independent_test_samples,0.95,2000
3301,dummy_most_frequent,ordinal_mae,lower_is_better,0.23491826404447763,0.26326949181091286,0.028351227766435227,0.028351227766435227,0.028351227766435227,random_internal_more_optimistic,independent_test_samples,0.95,2000
3301,dummy_most_frequent,accuracy,higher_is_better,0.779572234669322,0.7516125516462394,0.027959683023082604,0.027959683023082604,0.027959683023082604,random_internal_more_optimistic,independent_test_samples,0.95,2000
3301,dummy_most_frequent,fatal_recall,higher_is_better,0.0,0.0,0.0,0.0,0.0,random_internal_more_optimistic,independent_test_samples,0.95,2000
3301,dummy_most_frequent,serious_or_fatal_recall,higher_is_better,0.0,0.0,0.0,0.0,0.0,random_internal_more_optimistic,independent_test_samples,0.95,2000
3301,dummy_most_frequent,mean_asymmetric_cost,lower_is_better,0.48432702680275497,0.5414210270789779,0.05709400027622291,0.05709400027622291,0.05709400027622291,random_internal_more_optimistic,independent_test_samples,0.95,2000
3301,logistic_unweighted,macro_f1,higher_is_better,0.29224226084737515,0.2860628412827707,0.006179419564604438,0.006032379071591765,0.0063604227631572545,random_internal_more_optimistic,independent_test_samples,0.95,2000
3301,logistic_unweighted,qwk,higher_is_better,0.0004904667522079853,-1.7803230921042967e-05,0.0005082699831290283,5.113369173844473e-05,0.0010591198237620554,random_internal_more_optimistic,independent_test_samples,0.95,2000
3301,logistic_unweighted,ordinal_mae,lower_is_better,0.23491826404447763,0.263279399962349,0.028361135917871372,0.028278155252366433,0.02844411658337631,random_internal_more_optimistic,independent_test_samples,0.95,2000
3301,logistic_unweighted,accuracy,higher_is_better,0.7795514895029458,0.7516026434948032,0.027948846008142625,0.027875773494073885,0.028022131393615875,random_internal_more_optimistic,independent_test_samples,0.95,2000
3301,logistic_unweighted,fatal_recall,higher_is_better,0.0,0.0,0.0,0.0,0.0,random_internal_more_optimistic,independent_test_samples,0.95,2000
3301,logistic_unweighted,serious_or_fatal_recall,higher_is_better,0.00037645287280598563,0.0,0.00037645287280598563,0.0001411698273022446,0.0006587925274104748,random_internal_more_optimistic,independent_test_samples,0.95,2000
3301,logistic_unweighted,mean_asymmetric_cost,lower_is_better,0.48424404613725003,0.5414309352304141,0.05718688909316405,0.05706241809490664,0.057322197106361494,random_internal_more_optimistic,independent_test_samples,0.95,2000
3301,logistic_weighted,macro_f1,higher_is_better,0.3235290350866566,0.3362658621978783,-0.012736827111221705,-0.016555182441003492,-0.008967823372587462,random_internal_more_optimistic,independent_test_samples,0.95,2000
3301,logistic_weighted,qwk,higher_is_better,0.09585863810385464,0.044576095014912664,0.05128254308894198,0.043147501485644654,0.05878466868636013,random_internal_more_optimistic,independent_test_samples,0.95,2000
3301,logistic_weighted,ordinal_mae,lower_is_better,0.6954505850136918,0.42539657376123335,-0.2700540112524585,-0.275896271586869,-0.26421429112026956,random_internal_more_optimistic,independent_test_samples,0.95,2000
3301,logistic_weighted,accuracy,higher_is_better,0.4855406190357647,0.6453179030388301,-0.1597772840030654,-0.1635714984597963,-0.15579576704190307,random_internal_more_optimistic,independent_test_samples,0.95,2000
3301,logistic_weighted,fatal_recall,higher_is_better,0.6270579813886901,0.21171770972037285,0.4153402716683172,0.38143004507471306,0.44635166711623825,random_internal_more_optimistic,independent_test_samples,0.95,2000
3301,logistic_weighted,serious_or_fatal_recall,higher_is_better,0.609053691590984,0.2128924169292752,0.3961612746617088,0.38783656102146635,0.40425609642829297,random_internal_more_optimistic,independent_test_samples,0.95,2000
3301,logistic_weighted,mean_asymmetric_cost,lower_is_better,0.7924342378225874,0.6443667205009561,-0.14806751732163126,-0.1547582307320656,-0.14151682639998747,random_internal_more_optimistic,independent_test_samples,0.95,2000
3301,ordered_logit_unweighted,macro_f1,higher_is_better,0.29272728533572534,0.28635471948306884,0.006372565852656498,0.0060099476593433575,0.006733174652284633,random_internal_more_optimistic,independent_test_samples,0.95,2000
3301,ordered_logit_unweighted,qwk,higher_is_better,0.0022784755327416306,0.0005265050815876915,0.0017519704511539391,0.0006157171642963505,0.0029945918465329124,random_internal_more_optimistic,independent_test_samples,0.95,2000
3301,ordered_logit_unweighted,ordinal_mae,lower_is_better,0.23493900921085387,0.2632100429022957,0.02827103369144185,0.028083827929922422,0.028447499201487765,random_internal_more_optimistic,independent_test_samples,0.95,2000
3301,ordered_logit_unweighted,accuracy,higher_is_better,0.7794270185046884,0.7516620924034203,0.027764926101268128,0.02758904500802825,0.0279276364100145,random_internal_more_optimistic,independent_test_samples,0.95,2000
3301,ordered_logit_unweighted,fatal_recall,higher_is_better,0.0,0.0,0.0,0.0,0.0,random_internal_more_optimistic,independent_test_samples,0.95,2000
3301,ordered_logit_unweighted,serious_or_fatal_recall,higher_is_better,0.0015528681003246906,0.00043878894251864854,0.0011140791578060421,0.000538176765673398,0.0017114816656449356,random_internal_more_optimistic,independent_test_samples,0.95,2000
3301,ordered_logit_unweighted,mean_asymmetric_cost,lower_is_better,0.4840054767239233,0.5412525885045627,0.057247111780639404,0.056950010711405624,0.05754281955461735,random_internal_more_optimistic,independent_test_samples,0.95,2000
3301,lightgbm_weighted,macro_f1,higher_is_better,0.35329375016324666,0.35068123480371405,0.002612515359532608,-0.0019949943911541715,0.00713843557292371,random_internal_more_optimistic,independent_test_samples,0.95,2000
3301,lightgbm_weighted,qwk,higher_is_better,0.11200004965455745,0.048555621312046826,0.06344442834251063,0.05463711543255359,0.07190111744725496,random_internal_more_optimistic,independent_test_samples,0.95,2000
3301,lightgbm_weighted,ordinal_mae,lower_is_better,0.542932121815617,0.3787390886482309,-0.1641930331673861,-0.16941590231785936,-0.1592831726958352,random_internal_more_optimistic,independent_test_samples,0.95,2000
3301,lightgbm_weighted,accuracy,higher_is_better,0.5446850883744088,0.6591595905951827,-0.11447450222077393,-0.11834249878604594,-0.1105956033873355,random_internal_more_optimistic,independent_test_samples,0.95,2000
3301,lightgbm_weighted,fatal_recall,higher_is_better,0.3750894774516822,0.11118508655126498,0.26390439090041723,0.2337233843303179,0.29265876230880894,random_internal_more_optimistic,independent_test_samples,0.95,2000
3301,lightgbm_weighted,serious_or_fatal_recall,higher_is_better,0.5474095336690038,0.21169571981331525,0.33571381385568855,0.32754537164968806,0.3435785795507257,random_internal_more_optimistic,independent_test_samples,0.95,2000
3301,lightgbm_weighted,mean_asymmetric_cost,lower_is_better,0.6608061571653805,0.6009987416647676,-0.05980741550061286,-0.06593591067348702,-0.05393348580501342,random_internal_more_optimistic,independent_test_samples,0.95,2000
4409,dummy_most_frequent,macro_f1,higher_is_better,0.2920448032329826,0.28606499420199677,0.005979809030985828,0.005979809030985828,0.005979809030985828,random_internal_more_optimistic,independent_test_samples,0.95,2000
4409,dummy_most_frequent,qwk,higher_is_better,0.0,0.0,0.0,0.0,0.0,random_internal_more_optimistic,independent_test_samples,0.95,2000
4409,dummy_most_frequent,ordinal_mae,lower_is_better,0.23491826404447763,0.26326949181091286,0.028351227766435227,0.028351227766435227,0.028351227766435227,random_internal_more_optimistic,independent_test_samples,0.95,2000
4409,dummy_most_frequent,accuracy,higher_is_better,0.779572234669322,0.7516125516462394,0.027959683023082604,0.027959683023082604,0.027959683023082604,random_internal_more_optimistic,independent_test_samples,0.95,2000
4409,dummy_most_frequent,fatal_recall,higher_is_better,0.0,0.0,0.0,0.0,0.0,random_internal_more_optimistic,independent_test_samples,0.95,2000
4409,dummy_most_frequent,serious_or_fatal_recall,higher_is_better,0.0,0.0,0.0,0.0,0.0,random_internal_more_optimistic,independent_test_samples,0.95,2000
4409,dummy_most_frequent,mean_asymmetric_cost,lower_is_better,0.48432702680275497,0.5414210270789779,0.05709400027622291,0.05709400027622291,0.05709400027622291,random_internal_more_optimistic,independent_test_samples,0.95,2000
4409,logistic_unweighted,macro_f1,higher_is_better,0.29212825088562083,0.2860628412827707,0.006065409602850125,0.005963939265435485,0.00620365413050207,random_internal_more_optimistic,independent_test_samples,0.95,2000
4409,logistic_unweighted,qwk,higher_is_better,0.00011601012159945245,-1.7803230921042967e-05,0.00013381335252049542,-0.00017511934406755358,0.0005267413950710287,random_internal_more_optimistic,independent_test_samples,0.95,2000
4409,logistic_unweighted,ordinal_mae,lower_is_better,0.23499087212679445,0.263279399962349,0.02828852783555455,0.028206011601801584,0.028361600349623345,random_internal_more_optimistic,independent_test_samples,0.95,2000
4409,logistic_unweighted,accuracy,higher_is_better,0.7794892540038171,0.7516026434948032,0.027886610509013865,0.02780409427526087,0.02795921859133077,random_internal_more_optimistic,independent_test_samples,0.95,2000
4409,logistic_unweighted,fatal_recall,higher_is_better,0.0,0.0,0.0,0.0,0.0,random_internal_more_optimistic,independent_test_samples,0.95,2000
4409,logistic_unweighted,serious_or_fatal_recall,higher_is_better,0.00018822643640299281,0.0,0.00018822643640299281,4.7056609100748203e-05,0.00037645287280598563,random_internal_more_optimistic,independent_test_samples,0.95,2000
4409,logistic_unweighted,mean_asymmetric_cost,lower_is_better,0.4843581445523193,0.5414309352304141,0.05707279067809479,0.0569695292779655,0.05717698094172785,random_internal_more_optimistic,independent_test_samples,0.95,2000
4409,logistic_weighted,macro_f1,higher_is_better,0.32412101253059294,0.3318456783789746,-0.007724665848381662,-0.011513709083323444,-0.003878673498726192,random_internal_more_optimistic,independent_test_samples,0.95,2000
4409,logistic_weighted,qwk,higher_is_better,0.09794448338481165,0.03489210126576192,0.06305238211904973,0.05568491234762517,0.07073879824240376,random_internal_more_optimistic,independent_test_samples,0.95,2000
4409,logistic_weighted,ordinal_mae,lower_is_better,0.698303045390424,0.42181973109277004,-0.27648331429765394,-0.2821165060130331,-0.2704002319531467,random_internal_more_optimistic,independent_test_samples,0.95,2000
4409,logistic_weighted,accuracy,higher_is_better,0.4824288440793295,0.647487788203355,-0.16505894412402544,-0.1687658821476469,-0.16118990947824952,random_internal_more_optimistic,independent_test_samples,0.95,2000
4409,logistic_weighted,fatal_recall,higher_is_better,0.651395848246242,0.2010652463382157,0.45033060190802626,0.4184103133307344,0.4821102524241122,random_internal_more_optimistic,independent_test_samples,0.95,2000
4409,logistic_weighted,serious_or_fatal_recall,higher_is_better,0.6186532398475366,0.19490207028601061,0.42375116956152603,0.4161280048000182,0.4322245905991009,random_internal_more_optimistic,independent_test_samples,0.95,2000
4409,logistic_weighted,mean_asymmetric_cost,lower_is_better,0.7924653555721517,0.6455755149761709,-0.14688984059598076,-0.15345218315860137,-0.14009804479919902,random_internal_more_optimistic,independent_test_samples,0.95,2000
4409,ordered_logit_unweighted,macro_f1,higher_is_better,0.293179014597349,0.2865485736535494,0.006630440943799609,0.00617060579269635,0.007138234498800245,random_internal_more_optimistic,independent_test_samples,0.95,2000
4409,ordered_logit_unweighted,qwk,higher_is_better,0.002665573761612805,0.0007504031071110528,0.0019151706545017522,0.0007239465036262827,0.0032771561618716465,random_internal_more_optimistic,independent_test_samples,0.95,2000
4409,ordered_logit_unweighted,ordinal_mae,lower_is_better,0.23498049954360634,0.2632100429022957,0.02822954335868938,0.028001810960302714,0.02846349167608439,random_internal_more_optimistic,independent_test_samples,0.95,2000
4409,ordered_logit_unweighted,accuracy,higher_is_better,0.7793959007551241,0.7516620924034203,0.027733808351703804,0.027517377400009035,0.027956908043364953,random_internal_more_optimistic,independent_test_samples,0.95,2000
4409,ordered_logit_unweighted,fatal_recall,higher_is_better,0.0,0.0,0.0,0.0,0.0,random_internal_more_optimistic,independent_test_samples,0.95,2000
4409,ordered_logit_unweighted,serious_or_fatal_recall,higher_is_better,0.002164604018634417,0.0007180182695759703,0.0014465857490584466,0.0007295135296235583,0.0022107145775940836,random_internal_more_optimistic,independent_test_samples,0.95,2000
4409,ordered_logit_unweighted,mean_asymmetric_cost,lower_is_better,0.48391212347523027,0.5411832314445094,0.057271107969279145,0.05690946085295079,0.05766019221353777,random_internal_more_optimistic,independent_test_samples,0.95,2000
4409,lightgbm_weighted,macro_f1,higher_is_better,0.3565415437901567,0.357342636212179,-0.0008010924220223092,-0.005473641850737325,0.0037733448077652758,random_internal_more_optimistic,independent_test_samples,0.95,2000
4409,lightgbm_weighted,qwk,higher_is_better,0.1168235067703639,0.0641757455614721,0.05264776120889181,0.044199612267461615,0.06166240429331394,random_internal_more_optimistic,independent_test_samples,0.95,2000
4409,lightgbm_weighted,ordinal_mae,lower_is_better,0.5373931623931624,0.3926501332646368,-0.14474302912852555,-0.1497696001970948,-0.13972125456391915,random_internal_more_optimistic,independent_test_samples,0.95,2000
4409,lightgbm_weighted,accuracy,higher_is_better,0.5483984731557547,0.6469923806315456,-0.09859390747579089,-0.10252880242110661,-0.09485135202284321,random_internal_more_optimistic,independent_test_samples,0.95,2000
4409,lightgbm_weighted,fatal_recall,higher_is_better,0.38797423049391555,0.13448735019973368,0.25348688029418187,0.22330424144566968,0.2837840884070583,random_internal_more_optimistic,independent_test_samples,0.95,2000
4409,lightgbm_weighted,serious_or_fatal_recall,higher_is_better,0.5494800244694368,0.2527823207946069,0.2966977036748299,0.2878804764249946,0.30533700737787145,random_internal_more_optimistic,independent_test_samples,0.95,2000
4409,lightgbm_weighted,mean_asymmetric_cost,lower_is_better,0.6544373910878766,0.6040108197013683,-0.0504265713865083,-0.05656749852072682,-0.04419813400004345,random_internal_more_optimistic,independent_test_samples,0.95,2000
5501,dummy_most_frequent,macro_f1,higher_is_better,0.2920448032329826,0.28606499420199677,0.005979809030985828,0.005979809030985828,0.005979809030985828,random_internal_more_optimistic,independent_test_samples,0.95,2000
5501,dummy_most_frequent,qwk,higher_is_better,0.0,0.0,0.0,0.0,0.0,random_internal_more_optimistic,independent_test_samples,0.95,2000
5501,dummy_most_frequent,ordinal_mae,lower_is_better,0.23491826404447763,0.26326949181091286,0.028351227766435227,0.028351227766435227,0.028351227766435227,random_internal_more_optimistic,independent_test_samples,0.95,2000
5501,dummy_most_frequent,accuracy,higher_is_better,0.779572234669322,0.7516125516462394,0.027959683023082604,0.027959683023082604,0.027959683023082604,random_internal_more_optimistic,independent_test_samples,0.95,2000
5501,dummy_most_frequent,fatal_recall,higher_is_better,0.0,0.0,0.0,0.0,0.0,random_internal_more_optimistic,independent_test_samples,0.95,2000
5501,dummy_most_frequent,serious_or_fatal_recall,higher_is_better,0.0,0.0,0.0,0.0,0.0,random_internal_more_optimistic,independent_test_samples,0.95,2000
5501,dummy_most_frequent,mean_asymmetric_cost,lower_is_better,0.48432702680275497,0.5414210270789779,0.05709400027622291,0.05709400027622291,0.05709400027622291,random_internal_more_optimistic,independent_test_samples,0.95,2000
5501,logistic_unweighted,macro_f1,higher_is_better,0.29209372113154036,0.2860628412827707,0.006030879848769655,0.005952897626016955,0.006141016173957376,random_internal_more_optimistic,independent_test_samples,0.95,2000
5501,logistic_unweighted,qwk,higher_is_better,0.00043505713346847497,-1.7803230921042967e-05,0.00045286036438951793,-9.653864644465493e-05,0.0010453245133303889,random_internal_more_optimistic,independent_test_samples,0.95,2000
5501,logistic_unweighted,ordinal_mae,lower_is_better,0.23499087212679445,0.263279399962349,0.02828852783555455,0.028195627407819668,0.02838095222074377,random_internal_more_optimistic,independent_test_samples,0.95,2000
5501,logistic_unweighted,accuracy,higher_is_better,0.7794581362542528,0.7516026434948032,0.02785549275944954,0.027772976525696547,0.0279375445614507,random_internal_more_optimistic,independent_test_samples,0.95,2000
5501,logistic_unweighted,fatal_recall,higher_is_better,0.0,0.0,0.0,0.0,0.0,random_internal_more_optimistic,independent_test_samples,0.95,2000
5501,logistic_unweighted,serious_or_fatal_recall,higher_is_better,0.0002823396546044892,0.0,0.0002823396546044892,9.411321820149641e-05,0.0005176227001082302,random_internal_more_optimistic,independent_test_samples,0.95,2000
5501,logistic_unweighted,mean_asymmetric_cost,lower_is_better,0.48433739938594306,0.5414309352304141,0.05709353584447102,0.0569695292779655,0.05721847127448032,random_internal_more_optimistic,independent_test_samples,0.95,2000
5501,logistic_weighted,macro_f1,higher_is_better,0.3253387509827261,0.35061263442770096,-0.025273883444974887,-0.029308524656239697,-0.021392991835992532,random_internal_more_optimistic,independent_test_samples,0.95,2000
5501,logistic_weighted,qwk,higher_is_better,0.09906024401952429,0.06910495125668659,0.029955292762837704,0.022283211567688706,0.03759131039691387,random_internal_more_optimistic,independent_test_samples,0.95,2000
5501,logistic_weighted,ordinal_mae,lower_is_better,0.6943303460293752,0.4465306607746193,-0.24779968525475587,-0.2539121870768925,-0.24179046488378522,random_internal_more_optimistic,independent_test_samples,0.95,2000
5501,logistic_weighted,accuracy,higher_is_better,0.48664011285370506,0.6277507505424713,-0.14111063768876625,-0.1451035216376116,-0.1372315848395226,random_internal_more_optimistic,independent_test_samples,0.95,2000
5501,logistic_weighted,fatal_recall,higher_is_better,0.6499642090193272,0.2609853528628495,0.38897885615647765,0.35391986299346034,0.4216244482422387,random_internal_more_optimistic,independent_test_samples,0.95,2000
5501,logistic_weighted,serious_or_fatal_recall,higher_is_better,0.614276975201167,0.28385655590570025,0.3304204192954667,0.32181872554360663,0.3390216931906496,random_internal_more_optimistic,independent_test_samples,0.95,2000
5501,logistic_weighted,mean_asymmetric_cost,lower_is_better,0.7894987967803502,0.6464077996968106,-0.14309099708353956,-0.14978198115213728,-0.1361652307475933,random_internal_more_optimistic,independent_test_samples,0.95,2000
5501,ordered_logit_unweighted,macro_f1,higher_is_better,0.2927117460933483,0.28647420166981474,0.006237544423533581,0.005842165396624523,0.006602950276275957,random_internal_more_optimistic,independent_test_samples,0.95,2000
5501,ordered_logit_unweighted,qwk,higher_is_better,0.0021490766546568008,0.0007256922599379045,0.0014233843947188962,0.0002432773897658197,0.002602439155620029,random_internal_more_optimistic,independent_test_samples,0.95,2000
5501,ordered_logit_unweighted,ordinal_mae,lower_is_better,0.2350116172931707,0.26317041029655097,0.028158793003380284,0.027954116319335698,0.028353085493442953,random_internal_more_optimistic,independent_test_samples,0.95,2000
5501,ordered_logit_unweighted,accuracy,higher_is_better,0.7793544104223716,0.751701725009165,0.027652685413206646,0.02746688455773677,0.027820504471224194,random_internal_more_optimistic,independent_test_samples,0.95,2000
5501,ordered_logit_unweighted,fatal_recall,higher_is_better,0.0,0.0,0.0,0.0,0.0,random_internal_more_optimistic,independent_test_samples,0.95,2000
5501,ordered_logit_unweighted,serious_or_fatal_recall,higher_is_better,0.0015528681003246906,0.0005983485579799752,0.0009545195423447154,0.00033559326754604513,0.0015519220501836089,random_internal_more_optimistic,independent_test_samples,0.95,2000
5501,ordered_logit_unweighted,mean_asymmetric_cost,lower_is_better,0.48407808480624015,0.5411733232930732,0.057095238486833066,0.0567713275397442,0.05740224770750299,random_internal_more_optimistic,independent_test_samples,0.95,2000
5501,lightgbm_weighted,macro_f1,higher_is_better,0.3551686646625523,0.3592118373481972,-0.0040431726856449135,-0.008500404091013058,0.0005905722040376132,random_internal_more_optimistic,independent_test_samples,0.95,2000
5501,lightgbm_weighted,qwk,higher_is_better,0.11979698445835507,0.06750517143271462,0.052291813025640455,0.04414517033718745,0.06071334968991516,random_internal_more_optimistic,independent_test_samples,0.95,2000
5501,lightgbm_weighted,ordinal_mae,lower_is_better,0.5356920587503112,0.38886521941601354,-0.1468268393342977,-0.15167965673643877,-0.1416763783621357,random_internal_more_optimistic,independent_test_samples,0.95,2000
5501,lightgbm_weighted,accuracy,higher_is_better,0.5475894116670815,0.6478940224122386,-0.10030461074515706,-0.10411777092132636,-0.096302789272808,random_internal_more_optimistic,independent_test_samples,0.95,2000
5501,lightgbm_weighted,fatal_recall,higher_is_better,0.3686471009305655,0.10252996005326231,0.2661171408773032,0.2366482008717558,0.29486563846629693,random_internal_more_optimistic,independent_test_samples,0.95,2000
5501,lightgbm_weighted,serious_or_fatal_recall,higher_is_better,0.5532445531974965,0.26762136503251027,0.2856231881649863,0.2772794446041457,0.2942842142773611,random_internal_more_optimistic,independent_test_samples,0.95,2000
5501,lightgbm_weighted,mean_asymmetric_cost,lower_is_better,0.6524666002821342,0.5974912560563576,-0.05497534422577666,-0.060846966867696584,-0.048635519232421216,random_internal_more_optimistic,independent_test_samples,0.95,2000
