model,metric,direction,random_internal_mean_5_seeds,random_internal_sd_5_seeds,same_random_models_2024_mean_5_seeds,same_random_models_2024_sd_5_seeds,mean_oriented_optimism_gap_5_seeds,optimism_gap_sd_5_seeds,optimism_gap_minimum,optimism_gap_maximum,strict_temporal_2024_point,strict_temporal_2024_ci_lower,strict_temporal_2024_ci_upper,random_seed_summary_status,temporal_interval_status
dummy_most_frequent,macro_f1,higher_is_better,0.29204392980530913,1.1959900977796704e-06,0.2860649942019967,0.0,0.0059789356033123,1.1959900977796704e-06,0.0059776254618021,0.0059798090309858,0.2860649942019967,0.2860649942019967,0.2860649942019967,descriptive_overlapping_partitions,fixed_model_test_sample_uncertainty
dummy_most_frequent,qwk,higher_is_better,0.0,0.0,0.0,0.0,0.0,0.0,0.0,0.0,0.0,0.0,0.0,descriptive_overlapping_partitions,fixed_model_test_sample_uncertainty
dummy_most_frequent,ordinal_mae,lower_is_better,0.23492656211102808,1.1362595583446303e-05,0.2632694918109128,0.0,0.0283429296998847,1.1362595583461503e-05,0.0283304826000589,0.0283512277664352,0.2632694918109128,0.2632694918109128,0.2632694918109128,descriptive_overlapping_partitions,fixed_model_test_sample_uncertainty
dummy_most_frequent,accuracy,higher_is_better,0.7795680856360468,5.681297791685145e-06,0.7516125516462394,0.0,0.0279555339898073,5.681297791685146e-06,0.0279493104398945,0.0279596830230826,0.7516125516462394,0.7516125516462394,0.7516125516462394,descriptive_overlapping_partitions,fixed_model_test_sample_uncertainty
dummy_most_frequent,fatal_recall,higher_is_better,0.0,0.0,0.0,0.0,0.0,0.0,0.0,0.0,0.0,0.0,0.0,descriptive_overlapping_partitions,fixed_model_test_sample_uncertainty
dummy_most_frequent,serious_or_fatal_recall,higher_is_better,0.0,0.0,0.0,0.0,0.0,0.0,0.0,0.0,0.0,0.0,0.0,descriptive_overlapping_partitions,fixed_model_test_sample_uncertainty
dummy_most_frequent,mean_asymmetric_cost,lower_is_better,0.4843477719691312,2.8406488958668963e-05,0.5414210270789779,0.0,0.0570732551098466,2.840648895863856e-05,0.0570421373602823,0.0570940002762229,0.5414210270789779,0.5414210270789779,0.5414210270789779,descriptive_overlapping_partitions,fixed_model_test_sample_uncertainty
logistic_unweighted,macro_f1,higher_is_better,0.29214074496120473,5.82856787107769e-05,0.2860628412827706,0.0,0.0060779036784341,5.828567871079091e-05,0.0060308798487696,0.0061794195646044,0.2860927451834302,0.2860585353712482,0.2861547023677489,descriptive_overlapping_partitions,fixed_model_test_sample_uncertainty
logistic_unweighted,qwk,higher_is_better,0.000208497335627051,0.0002473685332166154,-1.7803230920820923e-05,0.0,0.0002263005665481,0.0002473685332167,-7.874958703490975e-05,0.000508269983129,3.2016626052788766e-05,-5.3407982791853215e-05,0.000149456323378,descriptive_overlapping_partitions,fixed_model_test_sample_uncertainty
logistic_unweighted,ordinal_mae,lower_is_better,0.23499709567670726,5.319426356715364e-05,0.263279399962349,0.0,0.0282823042856416,5.319426356716609e-05,0.0282159197532377,0.0283611359178713,0.2632694918109128,0.2632397673566042,0.2632992162652214,descriptive_overlapping_partitions,fixed_model_test_sample_uncertainty
logistic_unweighted,accuracy,higher_is_better,0.7794809559372666,4.363887637532205e-05,0.7516026434948032,0.0,0.0278783124424634,4.363887637532205e-05,0.0278347475930733,0.0279488460081426,0.7516125516462394,0.7515828271919308,0.7516422761005479,descriptive_overlapping_partitions,fixed_model_test_sample_uncertainty
logistic_unweighted,fatal_recall,higher_is_better,0.0,0.0,0.0,0.0,0.0,0.0,0.0,0.0,0.0,0.0,0.0,descriptive_overlapping_partitions,fixed_model_test_sample_uncertainty
logistic_unweighted,serious_or_fatal_recall,higher_is_better,0.00023527994559529997,9.411598603509138e-05,0.0,0.0,0.0002352799455953,9.411598603510826e-05,0.0001411631846414,0.0003764528728059,3.9889903865331685e-05,0.0,0.0001196697115959,descriptive_overlapping_partitions,fixed_model_test_sample_uncertainty
logistic_unweighted,mean_asymmetric_cost,lower_is_better,0.48436644261886974,8.659709345592813e-05,0.5414309352304141,0.0,0.0570644926115442,8.659709345590386e-05,0.0569586922630254,0.057186889093164,0.5414111189275417,0.5413615781703608,0.5414507515332865,descriptive_overlapping_partitions,fixed_model_test_sample_uncertainty
logistic_weighted,macro_f1,higher_is_better,0.323935775693344,0.0008724303055105465,0.3409547729508108,0.008063162819158582,-0.0170189972574668,0.0076532484142594,-0.0252738834449748,-0.0077246658483816,0.3483373802058527,0.3453009414123272,0.3511869718391534,descriptive_overlapping_partitions,fixed_model_test_sample_uncertainty
logistic_weighted,qwk,higher_is_better,0.09803923923721049,0.0013466532122222504,0.0542662908205659,0.01747880905391597,0.0437729484166445,0.01709516394201,0.0220256749518064,0.0630523821190497,0.0563524338992648,0.0496534164221116,0.0624480317382104,descriptive_overlapping_partitions,fixed_model_test_sample_uncertainty
logistic_weighted,ordinal_mae,lower_is_better,0.6969815782922579,0.001966426759384553,0.43630544849247477,0.014785334196887339,-0.2606761297997831,0.0148939772423546,-0.2764833142976539,-0.2421130200914873,0.4296174462730488,0.4262281153705153,0.4330159422156608,descriptive_overlapping_partitions,fixed_model_test_sample_uncertainty
logistic_weighted,accuracy,higher_is_better,0.48415069288855694,0.001890942114027335,0.6371734025582848,0.010633840152839287,-0.1530227096697277,0.0109990834406045,-0.1650589441240254,-0.1411106376887662,0.6395117262972247,0.6371137059458817,0.6419199025037899,descriptive_overlapping_partitions,fixed_model_test_sample_uncertainty
logistic_weighted,fatal_recall,higher_is_better,0.6453402600913669,0.012325740097910069,0.2418109187749667,0.04573664026461246,0.4035293413164001,0.0388887314033495,0.3458821714109371,0.4503306019080262,0.2177097203728362,0.1964047936085219,0.2376830892143808,descriptive_overlapping_partitions,fixed_model_test_sample_uncertainty
logistic_weighted,serious_or_fatal_recall,higher_is_better,0.6150559192914233,0.0036973813327297513,0.24056005425026922,0.04268912697813654,0.374495865041154,0.0428097142196194,0.3284217960086477,0.423751169561526,0.2517052933902429,0.2460808169452311,0.2568520882364673,descriptive_overlapping_partitions,fixed_model_test_sample_uncertainty
logistic_weighted,mean_asymmetric_cost,lower_is_better,0.792116836777031,0.0015004543021623954,0.6475076045062272,0.003749132432834717,-0.1446092322708036,0.0035108591249271,-0.1480675173216312,-0.1392638141901956,0.6387686149395108,0.6347530888662102,0.6429498548455814,descriptive_overlapping_partitions,fixed_model_test_sample_uncertainty
ordered_logit_unweighted,macro_f1,higher_is_better,0.29270769810149083,0.00031897789504296256,0.2864004350108114,0.00010991221850269653,0.0063072630906794,0.0002541477058448,0.005931098159968,0.0066304409437996,0.2862395196889514,0.2861134854934703,0.2863932584090676,descriptive_overlapping_partitions,fixed_model_test_sample_uncertainty
ordered_logit_unweighted,qwk,higher_is_better,0.0017470897546937002,0.00098655762617558,0.0005684428739042201,0.00016125321659237767,0.0011786468807895,0.0008663118075006,-0.0002553623496532,0.0019151706545017,0.0003629042080753,7.438151896527191e-05,0.0007329625645351,descriptive_overlapping_partitions,fixed_model_test_sample_uncertainty
ordered_logit_unweighted,ordinal_mae,lower_is_better,0.23501161729317066,0.00010952779894794794,0.26320409801143396,1.9314542877172664e-05,0.0281924807182633,0.0001069786529351,0.0280216272631751,0.0282814062746299,0.2632298592051681,0.2631704102965509,0.2632893081137852,descriptive_overlapping_partitions,fixed_model_test_sample_uncertainty
ordered_logit_unweighted,accuracy,higher_is_better,0.7793938262384865,8.471295738569231e-05,0.7516700189245692,1.772424011411434e-05,0.0277238073139172,9.094783992346802e-05,0.0276197099366344,0.027847906766773,0.7516422761005479,0.7515828271919308,0.751701725009165,descriptive_overlapping_partitions,fixed_model_test_sample_uncertainty
ordered_logit_unweighted,fatal_recall,higher_is_better,0.0,0.0,0.0,0.0,0.0,0.0,0.0,0.0,0.0,0.0,0.0,descriptive_overlapping_partitions,fixed_model_test_sample_uncertainty
ordered_logit_unweighted,serious_or_fatal_recall,higher_is_better,0.00138344880802008,0.0006086655722775291,0.0004946348079300601,0.00016104853993525423,0.00088881400009,0.000491281462284,0.0001186993050319,0.0014465857490584,0.0002792293270573,7.977980773066337e-05,0.0005185687502493,descriptive_overlapping_partitions,fixed_model_test_sample_uncertainty
ordered_logit_unweighted,mean_asymmetric_cost,lower_is_better,0.48412787320554307,0.0002350940888251424,0.5412327722016903,5.1005331283941994e-05,0.0571048989961472,0.0002112179947194,0.0567482989241059,0.0572711079692791,0.5413120374131798,0.5411931395959456,0.5414111189275417,descriptive_overlapping_partitions,fixed_model_test_sample_uncertainty
lightgbm_weighted,macro_f1,higher_is_better,0.35449664329603453,0.001414549149720823,0.35767803180868496,0.004399951886816325,-0.0031813885126504,0.0045290595067344,-0.0096067121690074,0.0026125153595326,0.3622330194520711,0.3588564742588648,0.3655825179808836,descriptive_overlapping_partitions,fixed_model_test_sample_uncertainty
lightgbm_weighted,qwk,higher_is_better,0.11652023599625905,0.0028391782278260336,0.06296673541072816,0.00850342214325892,0.0535535005855309,0.0063139780767533,0.0458579287826108,0.0634444283425106,0.0700795426859418,0.0635196618803905,0.0766042203940998,descriptive_overlapping_partitions,fixed_model_test_sample_uncertainty
lightgbm_weighted,ordinal_mae,lower_is_better,0.538998838270683,0.002726809883040649,0.3878288267757884,0.005765588992676111,-0.1511700114948944,0.007883056522253,-0.1641930331673861,-0.1447430291285255,0.3917385833325076,0.3887557343426437,0.3946624788213262,descriptive_overlapping_partitions,fixed_model_test_sample_uncertainty
lightgbm_weighted,accuracy,higher_is_better,0.5461870384200481,0.0020114976955540364,0.649992568886423,0.005626841730424812,-0.1038055304663747,0.0063402904758039,-0.1144745022207739,-0.0985939074757908,0.646804125754258,0.6443860413962567,0.6491823298027287,descriptive_overlapping_partitions,fixed_model_test_sample_uncertainty
lightgbm_weighted,fatal_recall,higher_is_better,0.38170696864218545,0.010112348501172286,0.11704394141145136,0.011996960022219545,0.264663027230734,0.0093055430427109,0.2534868802941818,0.278954717505891,0.1171770972037283,0.1005326231691078,0.133155792276964,descriptive_overlapping_partitions,fixed_model_test_sample_uncertainty
lightgbm_weighted,serious_or_fatal_recall,higher_is_better,0.54863213000293,0.0030356699807065953,0.25212812637121546,0.02488942370939277,0.2965040036317145,0.0239857180707563,0.271319109568151,0.3357138138556885,0.2748414376321353,0.2690962942279309,0.2803073517092823,descriptive_overlapping_partitions,fixed_model_test_sample_uncertainty
lightgbm_weighted,mean_asymmetric_cost,lower_is_better,0.6564185544768069,0.003165388824011292,0.5998711940313296,0.002657254644545755,-0.0565473604454773,0.0038872989464198,-0.0598074155006128,-0.0504265713865083,0.5981352858997097,0.5943501243473005,0.6019206951559049,descriptive_overlapping_partitions,fixed_model_test_sample_uncertainty
